"1193","161","_edit_lock","1452690687:1"
"1194","161","_edit_last","1"
"1201","161","_visibility","visible"
"1202","161","_stock_status","instock"
"1203","161","total_sales","0"
"1204","161","_downloadable","no"
"1205","161","_virtual","no"
"1206","161","_regular_price",""
"1207","161","_sale_price",""
"1208","161","_purchase_note",""
"1209","161","_featured","no"
"1210","161","_weight",""
"1211","161","_length",""
"1212","161","_width",""
"1213","161","_height",""
"1214","161","_sku",""
"1215","161","_product_attributes","a:0:{}"
"1216","161","_sale_price_dates_from",""
"1217","161","_sale_price_dates_to",""
"1218","161","_price",""
"1219","161","_sold_individually",""
"1220","161","_manage_stock","no"
"1221","161","_backorders","no"
"1222","161","_stock",""
"1223","161","_upsell_ids","a:0:{}"
"1224","161","_crosssell_ids","a:0:{}"
"1225","161","_product_version","2.4.12"
"1226","161","_product_image_gallery",""
"1227","161","product_images_0_product_image","162"
"1228","161","_product_images_0_product_image","field_56939c4a8cb3a"
"1229","161","product_images_1_product_image","163"
"1230","161","_product_images_1_product_image","field_56939c4a8cb3a"
"1231","161","product_images_2_product_image","164"
"1232","161","_product_images_2_product_image","field_56939c4a8cb3a"
"1233","161","product_images","3"
"1234","161","_product_images","field_568549e3ff728"
"1247","165","_edit_lock","1452841578:1"
"1248","165","_edit_last","1"
"1253","165","_visibility","visible"
"1254","165","_stock_status","instock"
"1255","165","total_sales","0"
"1256","165","_downloadable","no"
"1257","165","_virtual","no"
"1258","165","_regular_price",""
"1259","165","_sale_price",""
"1260","165","_purchase_note",""
"1261","165","_featured","no"
"1262","165","_weight",""
"1263","165","_length",""
"1264","165","_width",""
"1265","165","_height",""
"1266","165","_sku",""
"1267","165","_product_attributes","a:0:{}"
"1268","165","_sale_price_dates_from",""
"1269","165","_sale_price_dates_to",""
"1270","165","_price",""
"1271","165","_sold_individually",""
"1272","165","_manage_stock","no"
"1273","165","_backorders","no"
"1274","165","_stock",""
"1275","165","_upsell_ids","a:0:{}"
"1276","165","_crosssell_ids","a:0:{}"
"1277","165","_product_version","2.4.12"
"1278","165","_product_image_gallery",""
"1279","165","product_images_0_product_image","166"
"1280","165","_product_images_0_product_image","field_56939c4a8cb3a"
"1281","165","product_images_1_product_image","167"
"1282","165","_product_images_1_product_image","field_56939c4a8cb3a"
"1283","165","product_images","2"
"1284","165","_product_images","field_568549e3ff728"
"1285","168","_edit_lock","1452690676:1"
"1286","168","_edit_last","1"
"1291","168","_visibility","visible"
"1292","168","_stock_status","instock"
"1293","168","total_sales","0"
"1294","168","_downloadable","no"
"1295","168","_virtual","no"
"1296","168","_regular_price",""
"1297","168","_sale_price",""
"1298","168","_purchase_note",""
"1299","168","_featured","no"
"1300","168","_weight",""
"1301","168","_length",""
"1302","168","_width",""
"1303","168","_height",""
"1304","168","_sku",""
"1305","168","_product_attributes","a:0:{}"
"1306","168","_sale_price_dates_from",""
"1307","168","_sale_price_dates_to",""
"1308","168","_price",""
"1309","168","_sold_individually",""
"1310","168","_manage_stock","no"
"1311","168","_backorders","no"
"1312","168","_stock",""
"1313","168","_upsell_ids","a:0:{}"
"1314","168","_crosssell_ids","a:0:{}"
"1315","168","_product_version","2.4.12"
"1316","168","_product_image_gallery",""
"1317","168","product_images_0_product_image","169"
"1318","168","_product_images_0_product_image","field_56939c4a8cb3a"
"1319","168","product_images_1_product_image","170"
"1320","168","_product_images_1_product_image","field_56939c4a8cb3a"
"1321","168","product_images","2"
"1322","168","_product_images","field_568549e3ff728"
"1323","171","_edit_lock","1452841549:1"
"1324","171","_edit_last","1"
"1331","171","_visibility","visible"
"1332","171","_stock_status","instock"
"1333","171","total_sales","0"
"1334","171","_downloadable","no"
"1335","171","_virtual","no"
"1336","171","_regular_price",""
"1337","171","_sale_price",""
"1338","171","_purchase_note",""
"1339","171","_featured","no"
"1340","171","_weight",""
"1341","171","_length",""
"1342","171","_width",""
"1343","171","_height",""
"1344","171","_sku",""
"1345","171","_product_attributes","a:0:{}"
"1346","171","_sale_price_dates_from",""
"1347","171","_sale_price_dates_to",""
"1348","171","_price",""
"1349","171","_sold_individually",""
"1350","171","_manage_stock","no"
"1351","171","_backorders","no"
"1352","171","_stock",""
"1353","171","_upsell_ids","a:0:{}"
"1354","171","_crosssell_ids","a:0:{}"
"1355","171","_product_version","2.4.12"
"1356","171","_product_image_gallery",""
"1357","171","product_images_0_product_image","172"
"1358","171","_product_images_0_product_image","field_56939c4a8cb3a"
"1359","171","product_images_1_product_image","173"
"1360","171","_product_images_1_product_image","field_56939c4a8cb3a"
"1361","171","product_images_2_product_image","174"
"1362","171","_product_images_2_product_image","field_56939c4a8cb3a"
"1363","171","product_images","3"
"1364","171","_product_images","field_568549e3ff728"
"1365","175","_edit_lock","1452841532:1"
"1366","175","_edit_last","1"
"1371","175","_visibility","visible"
"1372","175","_stock_status","instock"
"1373","175","total_sales","0"
"1374","175","_downloadable","no"
"1375","175","_virtual","no"
"1376","175","_regular_price",""
"1377","175","_sale_price",""
"1378","175","_purchase_note",""
"1379","175","_featured","no"
"1380","175","_weight",""
"1381","175","_length",""
"1382","175","_width",""
"1383","175","_height",""
"1384","175","_sku",""
"1385","175","_product_attributes","a:0:{}"
"1386","175","_sale_price_dates_from",""
"1387","175","_sale_price_dates_to",""
"1388","175","_price",""
"1389","175","_sold_individually",""
"1390","175","_manage_stock","no"
"1391","175","_backorders","no"
"1392","175","_stock",""
"1393","175","_upsell_ids","a:0:{}"
"1394","175","_crosssell_ids","a:0:{}"
"1395","175","_product_version","2.4.12"
"1396","175","_product_image_gallery",""
"1397","175","product_images_0_product_image","176"
"1398","175","_product_images_0_product_image","field_56939c4a8cb3a"
"1399","175","product_images_1_product_image","177"
"1400","175","_product_images_1_product_image","field_56939c4a8cb3a"
"1401","175","product_images","2"
"1402","175","_product_images","field_568549e3ff728"
"1403","178","_edit_lock","1452841503:1"
"1404","178","_edit_last","1"
"1409","178","_visibility","visible"
"1410","178","_stock_status","instock"
"1411","178","total_sales","0"
"1412","178","_downloadable","no"
"1413","178","_virtual","no"
"1414","178","_regular_price",""
"1415","178","_sale_price",""
"1416","178","_purchase_note",""
"1417","178","_featured","no"
"1418","178","_weight",""
"1419","178","_length",""
"1420","178","_width",""
"1421","178","_height",""
"1422","178","_sku",""
"1423","178","_product_attributes","a:0:{}"
"1424","178","_sale_price_dates_from",""
"1425","178","_sale_price_dates_to",""
"1426","178","_price",""
"1427","178","_sold_individually",""
"1428","178","_manage_stock","no"
"1429","178","_backorders","no"
"1430","178","_stock",""
"1431","178","_upsell_ids","a:0:{}"
"1432","178","_crosssell_ids","a:0:{}"
"1433","178","_product_version","2.4.12"
"1434","178","_product_image_gallery",""
"1435","178","product_images_0_product_image","179"
"1436","178","_product_images_0_product_image","field_56939c4a8cb3a"
"1437","178","product_images_1_product_image","180"
"1438","178","_product_images_1_product_image","field_56939c4a8cb3a"
"1439","178","product_images","2"
"1440","178","_product_images","field_568549e3ff728"
"1441","181","_edit_lock","1452841491:1"
"1442","181","_edit_last","1"
"1449","181","_visibility","visible"
"1450","181","_stock_status","instock"
"1451","181","total_sales","0"
"1452","181","_downloadable","no"
"1453","181","_virtual","no"
"1454","181","_regular_price","10"
"1455","181","_sale_price",""
"1456","181","_purchase_note",""
"1457","181","_featured","no"
"1458","181","_weight",""
"1459","181","_length",""
"1460","181","_width",""
"1461","181","_height",""
"1462","181","_sku",""
"1463","181","_product_attributes","a:0:{}"
"1464","181","_sale_price_dates_from",""
"1465","181","_sale_price_dates_to",""
"1466","181","_price","10"
"1467","181","_sold_individually",""
"1468","181","_manage_stock","no"
"1469","181","_backorders","no"
"1470","181","_stock",""
"1471","181","_upsell_ids","a:0:{}"
"1472","181","_crosssell_ids","a:0:{}"
"1473","181","_product_version","2.4.12"
"1474","181","_product_image_gallery",""
"1475","181","product_images_0_product_image","182"
"1476","181","_product_images_0_product_image","field_56939c4a8cb3a"
"1477","181","product_images_1_product_image","183"
"1478","181","_product_images_1_product_image","field_56939c4a8cb3a"
"1479","181","product_images_2_product_image","184"
"1480","181","_product_images_2_product_image","field_56939c4a8cb3a"
"1485","181","product_images","3"
"1486","181","_product_images","field_568549e3ff728"
"1487","185","_edit_lock","1452841456:1"
"1488","185","_edit_last","1"
"1493","185","_visibility","visible"
"1494","185","_stock_status","instock"
"1495","185","total_sales","0"
"1496","185","_downloadable","no"
"1497","185","_virtual","no"
"1498","185","_regular_price","10"
"1499","185","_sale_price",""
"1500","185","_purchase_note",""
"1501","185","_featured","no"
"1502","185","_weight",""
"1503","185","_length",""
"1504","185","_width",""
"1505","185","_height",""
"1506","185","_sku",""
"1507","185","_product_attributes","a:0:{}"
"1508","185","_sale_price_dates_from",""
"1509","185","_sale_price_dates_to",""
"1510","185","_price","10"
"1511","185","_sold_individually",""
"1512","185","_manage_stock","no"
"1513","185","_backorders","no"
"1514","185","_stock",""
"1515","185","_upsell_ids","a:0:{}"
"1516","185","_crosssell_ids","a:0:{}"
"1517","185","_product_version","2.4.12"
"1518","185","_product_image_gallery",""
"1519","185","product_images_0_product_image","186"
"1520","185","_product_images_0_product_image","field_56939c4a8cb3a"
"1521","185","product_images_1_product_image","187"
"1522","185","_product_images_1_product_image","field_56939c4a8cb3a"
"1523","185","product_images","2"
"1524","185","_product_images","field_568549e3ff728"
"1703","198","_edit_lock","1452874200:1"
"1704","198","_edit_last","1"
"1711","198","_visibility","visible"
"1712","198","_stock_status","instock"
"1713","198","total_sales","0"
"1714","198","_downloadable","no"
"1715","198","_virtual","no"
"1716","198","_regular_price",""
"1717","198","_sale_price",""
"1718","198","_purchase_note",""
"1719","198","_featured","no"
"1720","198","_weight",""
"1721","198","_length",""
"1722","198","_width",""
"1723","198","_height",""
"1724","198","_sku",""
"1725","198","_product_attributes","a:0:{}"
"1726","198","_sale_price_dates_from",""
"1727","198","_sale_price_dates_to",""
"1728","198","_price",""
"1729","198","_sold_individually",""
"1730","198","_manage_stock","no"
"1731","198","_backorders","no"
"1732","198","_stock",""
"1733","198","_upsell_ids","a:0:{}"
"1734","198","_crosssell_ids","a:0:{}"
"1735","198","_product_version","2.4.12"
"1736","198","_product_image_gallery",""
"1737","198","product_images_0_product_image","199"
"1738","198","_product_images_0_product_image","field_56939c4a8cb3a"
"1739","198","product_images_1_product_image","200"
"1740","198","_product_images_1_product_image","field_56939c4a8cb3a"
"1741","198","product_images_2_product_image","201"
"1742","198","_product_images_2_product_image","field_56939c4a8cb3a"
"1743","198","product_images","3"
"1744","198","_product_images","field_568549e3ff728"
"1745","202","_edit_lock","1452874291:1"
"1746","202","_edit_last","1"
"1753","202","_visibility","visible"
"1754","202","_stock_status","instock"
"1755","202","total_sales","0"
"1756","202","_downloadable","no"
"1757","202","_virtual","no"
"1758","202","_regular_price",""
"1759","202","_sale_price",""
"1760","202","_purchase_note",""
"1761","202","_featured","no"
"1762","202","_weight",""
"1763","202","_length",""
"1764","202","_width",""
"1765","202","_height",""
"1766","202","_sku",""
"1767","202","_product_attributes","a:0:{}"
"1768","202","_sale_price_dates_from",""
"1769","202","_sale_price_dates_to",""
"1770","202","_price",""
"1771","202","_sold_individually",""
"1772","202","_manage_stock","no"
"1773","202","_backorders","no"
"1774","202","_stock",""
"1775","202","_upsell_ids","a:0:{}"
"1776","202","_crosssell_ids","a:0:{}"
"1777","202","_product_version","2.4.12"
"1778","202","_product_image_gallery",""
"1779","202","product_images_0_product_image","203"
"1780","202","_product_images_0_product_image","field_56939c4a8cb3a"
"1781","202","product_images_1_product_image","204"
"1782","202","_product_images_1_product_image","field_56939c4a8cb3a"
"1783","202","product_images_2_product_image","205"
"1784","202","_product_images_2_product_image","field_56939c4a8cb3a"
"1785","202","product_images","3"
"1786","202","_product_images","field_568549e3ff728"
"1787","206","_edit_lock","1455031804:1"
"1788","206","_edit_last","1"
"1795","206","_visibility","visible"
"1796","206","_stock_status","instock"
"1797","206","total_sales","0"
"1798","206","_downloadable","no"
"1799","206","_virtual","no"
"1800","206","_regular_price","99"
"1801","206","_sale_price",""
"1802","206","_purchase_note",""
"1803","206","_featured","no"
"1804","206","_weight",""
"1805","206","_length",""
"1806","206","_width",""
"1807","206","_height",""
"1808","206","_sku",""
"1809","206","_product_attributes","a:0:{}"
"1810","206","_sale_price_dates_from",""
"1811","206","_sale_price_dates_to",""
"1812","206","_price","99"
"1813","206","_sold_individually",""
"1814","206","_manage_stock","no"
"1815","206","_backorders","no"
"1816","206","_stock",""
"1817","206","_upsell_ids","a:0:{}"
"1818","206","_crosssell_ids","a:0:{}"
"1819","206","_product_version","2.4.12"
"1820","206","_product_image_gallery",""
"1821","206","product_images_0_product_image","207"
"1822","206","_product_images_0_product_image","field_56939c4a8cb3a"
"1823","206","product_images_1_product_image","208"
"1824","206","_product_images_1_product_image","field_56939c4a8cb3a"
"1825","206","product_images_2_product_image","209"
"1826","206","_product_images_2_product_image","field_56939c4a8cb3a"
"1827","206","product_images","3"
"1828","206","_product_images","field_568549e3ff728"
"1829","210","_edit_lock","1455031798:1"
"1830","210","_edit_last","1"
"1839","210","_visibility","visible"
"1840","210","_stock_status","instock"
"1841","210","total_sales","0"
"1842","210","_downloadable","no"
"1843","210","_virtual","no"
"1844","210","_regular_price","99"
"1845","210","_sale_price",""
"1846","210","_purchase_note",""
"1847","210","_featured","no"
"1848","210","_weight",""
"1849","210","_length",""
"1850","210","_width",""
"1851","210","_height",""
"1852","210","_sku",""
"1853","210","_product_attributes","a:0:{}"
"1854","210","_sale_price_dates_from",""
"1855","210","_sale_price_dates_to",""
"1856","210","_price","99"
"1857","210","_sold_individually",""
"1858","210","_manage_stock","no"
"1859","210","_backorders","no"
"1860","210","_stock",""
"1861","210","_upsell_ids","a:0:{}"
"1862","210","_crosssell_ids","a:0:{}"
"1863","210","_product_version","2.4.12"
"1864","210","_product_image_gallery",""
"1865","210","product_images_0_product_image","211"
"1866","210","_product_images_0_product_image","field_56939c4a8cb3a"
"1867","210","product_images_1_product_image","212"
"1868","210","_product_images_1_product_image","field_56939c4a8cb3a"
"1869","210","product_images_2_product_image","213"
"1870","210","_product_images_2_product_image","field_56939c4a8cb3a"
"1871","210","product_images_3_product_image","214"
"1872","210","_product_images_3_product_image","field_56939c4a8cb3a"
"1873","210","product_images","4"
"1874","210","_product_images","field_568549e3ff728"
"1875","215","_edit_lock","1455189219:1"
"1876","215","_edit_last","1"
"1883","215","_visibility","visible"
"1884","215","_stock_status","instock"
"1885","215","total_sales","0"
"1886","215","_downloadable","no"
"1887","215","_virtual","no"
"1888","215","_regular_price","99"
"1889","215","_sale_price","75"
"1890","215","_purchase_note",""
"1891","215","_featured","no"
"1892","215","_weight",""
"1893","215","_length",""
"1894","215","_width",""
"1895","215","_height",""
"1896","215","_sku",""
"1897","215","_product_attributes","a:0:{}"
"1898","215","_sale_price_dates_from",""
"1899","215","_sale_price_dates_to",""
"1900","215","_price","75"
"1901","215","_sold_individually",""
"1902","215","_manage_stock","no"
"1903","215","_backorders","no"
"1904","215","_stock",""
"1905","215","_upsell_ids","a:0:{}"
"1906","215","_crosssell_ids","a:0:{}"
"1907","215","_product_version","2.4.12"
"1908","215","_product_image_gallery",""
"1909","215","product_images_0_product_image","216"
"1910","215","_product_images_0_product_image","field_56939c4a8cb3a"
"1911","215","product_images_1_product_image","217"
"1912","215","_product_images_1_product_image","field_56939c4a8cb3a"
"1913","215","product_images_2_product_image","218"
"1914","215","_product_images_2_product_image","field_56939c4a8cb3a"
"1915","215","product_images","3"
"1916","215","_product_images","field_568549e3ff728"
"1917","219","_edit_lock","1455189212:1"
"1918","219","_edit_last","1"
"1925","219","_visibility","visible"
"1926","219","_stock_status","instock"
"1927","219","total_sales","0"
"1928","219","_downloadable","no"
"1929","219","_virtual","no"
"1930","219","_regular_price","99"
"1931","219","_sale_price","75"
"1932","219","_purchase_note",""
"1933","219","_featured","no"
"1934","219","_weight",""
"1935","219","_length",""
"1936","219","_width",""
"1937","219","_height",""
"1938","219","_sku",""
"1939","219","_product_attributes","a:0:{}"
"1940","219","_sale_price_dates_from",""
"1941","219","_sale_price_dates_to",""
"1942","219","_price","75"
"1943","219","_sold_individually",""
"1944","219","_manage_stock","no"
"1945","219","_backorders","no"
"1946","219","_stock",""
"1947","219","_upsell_ids","a:0:{}"
"1948","219","_crosssell_ids","a:0:{}"
"1949","219","_product_version","2.4.12"
"1950","219","_product_image_gallery",""
"1951","219","product_images_0_product_image","220"
"1952","219","_product_images_0_product_image","field_56939c4a8cb3a"
"1953","219","product_images_1_product_image","222"
"1954","219","_product_images_1_product_image","field_56939c4a8cb3a"
"1955","219","product_images_2_product_image","221"
"1956","219","_product_images_2_product_image","field_56939c4a8cb3a"
"1957","219","product_images","3"
"1958","219","_product_images","field_568549e3ff728"
"1959","223","_edit_lock","1455189203:1"
"1960","223","_edit_last","1"
"1967","223","_visibility","visible"
"1968","223","_stock_status","instock"
"1969","223","total_sales","0"
"1970","223","_downloadable","no"
"1971","223","_virtual","no"
"1972","223","_regular_price","99"
"1973","223","_sale_price","75"
"1974","223","_purchase_note",""
"1975","223","_featured","no"
"1976","223","_weight",""
"1977","223","_length",""
"1978","223","_width",""
"1979","223","_height",""
"1980","223","_sku",""
"1981","223","_product_attributes","a:0:{}"
"1982","223","_sale_price_dates_from",""
"1983","223","_sale_price_dates_to",""
"1984","223","_price","75"
"1985","223","_sold_individually",""
"1986","223","_manage_stock","no"
"1987","223","_backorders","no"
"1988","223","_stock",""
"1989","223","_upsell_ids","a:0:{}"
"1990","223","_crosssell_ids","a:0:{}"
"1991","223","_product_version","2.4.12"
"1992","223","_product_image_gallery",""
"1993","223","product_images_0_product_image","224"
"1994","223","_product_images_0_product_image","field_56939c4a8cb3a"
"1995","223","product_images_1_product_image","225"
"1996","223","_product_images_1_product_image","field_56939c4a8cb3a"
"1997","223","product_images_2_product_image","226"
"1998","223","_product_images_2_product_image","field_56939c4a8cb3a"
"1999","223","product_images","3"
"2000","223","_product_images","field_568549e3ff728"
"2001","227","_edit_lock","1452874869:1"
"2002","227","_edit_last","1"
"2009","227","_visibility","visible"
"2010","227","_stock_status","instock"
"2011","227","total_sales","0"
"2012","227","_downloadable","no"
"2013","227","_virtual","no"
"2014","227","_regular_price",""
"2015","227","_sale_price",""
"2016","227","_purchase_note",""
"2017","227","_featured","no"
"2018","227","_weight",""
"2019","227","_length",""
"2020","227","_width",""
"2021","227","_height",""
"2022","227","_sku",""
"2023","227","_product_attributes","a:0:{}"
"2024","227","_sale_price_dates_from",""
"2025","227","_sale_price_dates_to",""
"2026","227","_price",""
"2027","227","_sold_individually",""
"2028","227","_manage_stock","no"
"2029","227","_backorders","no"
"2030","227","_stock",""
"2031","227","_upsell_ids","a:0:{}"
"2032","227","_crosssell_ids","a:0:{}"
"2033","227","_product_version","2.4.12"
"2034","227","_product_image_gallery",""
"2035","227","product_images_0_product_image","228"
"2036","227","_product_images_0_product_image","field_56939c4a8cb3a"
"2037","227","product_images_1_product_image","229"
"2038","227","_product_images_1_product_image","field_56939c4a8cb3a"
"2039","227","product_images_2_product_image","230"
"2040","227","_product_images_2_product_image","field_56939c4a8cb3a"
"2041","227","product_images","3"
"2042","227","_product_images","field_568549e3ff728"
"2043","231","_edit_lock","1455816238:1"
"2044","231","_edit_last","1"
"2055","231","_visibility","visible"
"2056","231","_stock_status","instock"
"2057","231","total_sales","0"
"2058","231","_downloadable","no"
"2059","231","_virtual","no"
"2060","231","_regular_price","189"
"2061","231","_sale_price",""
"2062","231","_purchase_note",""
"2063","231","_featured","no"
"2064","231","_weight",""
"2065","231","_length",""
"2066","231","_width",""
"2067","231","_height",""
"2068","231","_sku","SSB16002-Orange"
"2069","231","_product_attributes","a:0:{}"
"2070","231","_sale_price_dates_from",""
"2071","231","_sale_price_dates_to",""
"2072","231","_price","189"
"2073","231","_sold_individually",""
"2074","231","_manage_stock","no"
"2075","231","_backorders","no"
"2076","231","_stock",""
"2077","231","_upsell_ids","a:0:{}"
"2078","231","_crosssell_ids","a:0:{}"
"2079","231","_product_version","2.5.2"
"2080","231","_product_image_gallery",""
"2081","231","product_images_0_product_image","232"
"2082","231","_product_images_0_product_image","field_56939c4a8cb3a"
"2083","231","product_images_1_product_image","233"
"2084","231","_product_images_1_product_image","field_56939c4a8cb3a"
"2085","231","product_images_2_product_image","234"
"2086","231","_product_images_2_product_image","field_56939c4a8cb3a"
"2091","231","product_images","3"
"2092","231","_product_images","field_568549e3ff728"
"2093","237","_edit_lock","1455816218:1"
"2094","237","_edit_last","1"
"2099","237","_visibility","visible"
"2100","237","_stock_status","instock"
"2101","237","total_sales","0"
"2102","237","_downloadable","no"
"2103","237","_virtual","no"
"2104","237","_regular_price","189"
"2105","237","_sale_price",""
"2106","237","_purchase_note",""
"2107","237","_featured","no"
"2108","237","_weight",""
"2109","237","_length",""
"2110","237","_width",""
"2111","237","_height",""
"2112","237","_sku","SSB16003-Orange"
"2113","237","_product_attributes","a:0:{}"
"2114","237","_sale_price_dates_from",""
"2115","237","_sale_price_dates_to",""
"2116","237","_price","189"
"2117","237","_sold_individually",""
"2118","237","_manage_stock","no"
"2119","237","_backorders","no"
"2120","237","_stock",""
"2121","237","_upsell_ids","a:0:{}"
"2122","237","_crosssell_ids","a:0:{}"
"2123","237","_product_version","2.5.2"
"2124","237","_product_image_gallery",""
"2125","237","product_images_0_product_image","238"
"2126","237","_product_images_0_product_image","field_56939c4a8cb3a"
"2127","237","product_images_1_product_image","239"
"2128","237","_product_images_1_product_image","field_56939c4a8cb3a"
"2129","237","product_images","2"
"2130","237","_product_images","field_568549e3ff728"
"2137","245","_edit_lock","1455882868:1"
"2138","245","_edit_last","1"
"2143","245","_visibility","visible"
"2144","245","_stock_status","instock"
"2145","245","total_sales","0"
"2146","245","_downloadable","no"
"2147","245","_virtual","no"
"2148","245","_purchase_note",""
"2149","245","_featured","no"
"2150","245","_weight",""
"2151","245","_length",""
"2152","245","_width",""
"2153","245","_height",""
"2154","245","_sku","SSB16001-Orange"
"2155","245","_product_attributes","a:1:{s:5:\"sizes\";a:6:{s:4:\"name\";s:5:\"Sizes\";s:5:\"value\";s:17:\"34 | 36 | 38 | 40\";s:8:\"position\";s:1:\"0\";s:10:\"is_visible\";i:1;s:12:\"is_variation\";i:0;s:11:\"is_taxonomy\";i:0;}}"
"2156","245","_regular_price","189"
"2157","245","_sale_price",""
"2158","245","_sale_price_dates_from",""
"2159","245","_sale_price_dates_to",""
"2160","245","_price","189"
"2161","245","_sold_individually",""
"2162","245","_manage_stock","no"
"2163","245","_backorders","no"
"2164","245","_stock",""
"2165","245","_upsell_ids","a:0:{}"
"2166","245","_crosssell_ids","a:0:{}"
"2167","245","_product_version","2.5.2"
"2168","245","_product_image_gallery",""
"2169","245","product_images_0_product_image","246"
"2170","245","_product_images_0_product_image","field_56939c4a8cb3a"
"2171","245","product_images_1_product_image","247"
"2172","245","_product_images_1_product_image","field_56939c4a8cb3a"
"2173","245","product_images","2"
"2174","245","_product_images","field_568549e3ff728"
"2175","248","_edit_lock","1455816198:1"
"2176","248","_edit_last","1"
"2181","248","_visibility","visible"
"2182","248","_stock_status","instock"
"2183","248","total_sales","0"
"2184","248","_downloadable","no"
"2185","248","_virtual","no"
"2186","248","_purchase_note",""
"2187","248","_featured","no"
"2188","248","_weight",""
"2189","248","_length",""
"2190","248","_width",""
"2191","248","_height",""
"2192","248","_sku","SSB16001-White"
"2193","248","_product_attributes","a:0:{}"
"2194","248","_regular_price","189"
"2195","248","_sale_price",""
"2196","248","_sale_price_dates_from",""
"2197","248","_sale_price_dates_to",""
"2198","248","_price","189"
"2199","248","_sold_individually",""
"2200","248","_manage_stock","no"
"2201","248","_backorders","no"
"2202","248","_stock",""
"2203","248","_upsell_ids","a:0:{}"
"2204","248","_crosssell_ids","a:0:{}"
"2205","248","_product_version","2.5.2"
"2206","248","_product_image_gallery",""
"2207","248","product_images_0_product_image","249"
"2208","248","_product_images_0_product_image","field_56939c4a8cb3a"
"2209","248","product_images_1_product_image","250"
"2210","248","_product_images_1_product_image","field_56939c4a8cb3a"
"2211","248","product_images","2"
"2212","248","_product_images","field_568549e3ff728"
"2217","245","other_item","a:1:{i:0;s:3:\"279\";}"
"2218","245","_other_item","field_56c2f5f1005e2"
"2219","254","_edit_lock","1455816179:1"
"2220","254","_edit_last","1"
"2221","254","_visibility","visible"
"2222","254","_stock_status","instock"
"2223","254","_downloadable","no"
"2224","254","_virtual","no"
"2225","254","_purchase_note",""
"2226","254","_featured","no"
"2227","254","_weight",""
"2228","254","_length",""
"2229","254","_width",""
"2230","254","_height",""
"2231","254","_sku","SSB16001-Navy"
"2232","254","_product_attributes","a:0:{}"
"2233","254","_regular_price","189"
"2234","254","_sale_price",""
"2235","254","_sale_price_dates_from",""
"2236","254","_sale_price_dates_to",""
"2237","254","_price","189"
"2238","254","_sold_individually",""
"2239","254","_manage_stock","no"
"2240","254","_backorders","no"
"2241","254","_stock",""
"2242","254","_upsell_ids","a:0:{}"
"2243","254","_crosssell_ids","a:0:{}"
"2244","254","_product_version","2.5.2"
"2245","254","_product_image_gallery",""
"2246","254","product_images_0_product_image","255"
"2247","254","_product_images_0_product_image","field_56939c4a8cb3a"
"2248","254","product_images_1_product_image","256"
"2249","254","_product_images_1_product_image","field_56939c4a8cb3a"
"2250","254","product_images","2"
"2251","254","_product_images","field_568549e3ff728"
"2252","254","other_item",""
"2253","254","_other_item","field_56c2f5f1005e2"
"2286","254","total_sales","0"
"2287","257","_edit_lock","1455816159:1"
"2288","257","_edit_last","1"
"2289","257","_visibility","visible"
"2290","257","_stock_status","instock"
"2291","257","_downloadable","no"
"2292","257","_virtual","no"
"2293","257","_regular_price","189"
"2294","257","_sale_price",""
"2295","257","_purchase_note",""
"2296","257","_featured","no"
"2297","257","_weight",""
"2298","257","_length",""
"2299","257","_width",""
"2300","257","_height",""
"2301","257","_sku","SSB16003-Navy"
"2302","257","_product_attributes","a:0:{}"
"2303","257","_sale_price_dates_from",""
"2304","257","_sale_price_dates_to",""
"2305","257","_price","189"
"2306","257","_sold_individually",""
"2307","257","_manage_stock","no"
"2308","257","_backorders","no"
"2309","257","_stock",""
"2310","257","_upsell_ids","a:0:{}"
"2311","257","_crosssell_ids","a:0:{}"
"2312","257","_product_version","2.5.2"
"2313","257","_product_image_gallery",""
"2314","257","product_images_0_product_image","384"
"2315","257","_product_images_0_product_image","field_56939c4a8cb3a"
"2316","257","product_images_1_product_image","385"
"2317","257","_product_images_1_product_image","field_56939c4a8cb3a"
"2318","257","product_images","3"
"2319","257","_product_images","field_568549e3ff728"
"2350","257","total_sales","0"
"2351","257","other_item","a:1:{i:0;s:3:\"262\";}"
"2352","257","_other_item","field_56c2f5f1005e2"
"2353","237","other_item","a:1:{i:0;s:3:\"267\";}"
"2354","237","_other_item","field_56c2f5f1005e2"
"2355","258","_edit_lock","1455816140:1"
"2356","258","_edit_last","1"
"2357","258","_visibility","visible"
"2358","258","_stock_status","instock"
"2359","258","_downloadable","no"
"2360","258","_virtual","no"
"2361","258","_regular_price","189"
"2362","258","_sale_price",""
"2363","258","_purchase_note",""
"2364","258","_featured","no"
"2365","258","_weight",""
"2366","258","_length",""
"2367","258","_width",""
"2368","258","_height",""
"2369","258","_sku","SSB16003-White"
"2370","258","_product_attributes","a:0:{}"
"2371","258","_sale_price_dates_from",""
"2372","258","_sale_price_dates_to",""
"2373","258","_price","189"
"2374","258","_sold_individually",""
"2375","258","_manage_stock","no"
"2376","258","_backorders","no"
"2377","258","_stock",""
"2378","258","_upsell_ids","a:0:{}"
"2379","258","_crosssell_ids","a:0:{}"
"2380","258","_product_version","2.5.2"
"2381","258","_product_image_gallery",""
"2382","258","product_images_0_product_image","259"
"2383","258","_product_images_0_product_image","field_56939c4a8cb3a"
"2384","258","product_images_1_product_image","260"
"2385","258","_product_images_1_product_image","field_56939c4a8cb3a"
"2386","258","product_images","3"
"2387","258","_product_images","field_568549e3ff728"
"2388","258","other_item","a:1:{i:0;s:3:\"272\";}"
"2389","258","_other_item","field_56c2f5f1005e2"
"2424","258","total_sales","0"
"2425","258","product_images_2_product_image","261"
"2426","258","_product_images_2_product_image","field_56939c4a8cb3a"
"2427","262","_edit_lock","1455816119:1"
"2428","262","_edit_last","1"
"2433","262","_visibility","visible"
"2434","262","_stock_status","instock"
"2435","262","total_sales","0"
"2436","262","_downloadable","no"
"2437","262","_virtual","no"
"2438","262","_purchase_note",""
"2439","262","_featured","no"
"2440","262","_weight",""
"2441","262","_length",""
"2442","262","_width",""
"2443","262","_height",""
"2444","262","_sku","SSB16004-Navy"
"2445","262","_product_attributes","a:0:{}"
"2446","262","_regular_price","229"
"2447","262","_sale_price",""
"2448","262","_sale_price_dates_from",""
"2449","262","_sale_price_dates_to",""
"2450","262","_price","229"
"2451","262","_sold_individually",""
"2452","262","_manage_stock","no"
"2453","262","_backorders","no"
"2454","262","_stock",""
"2455","262","_upsell_ids","a:0:{}"
"2456","262","_crosssell_ids","a:0:{}"
"2457","262","_product_version","2.5.2"
"2458","262","_product_image_gallery",""
"2459","262","other_item","a:1:{i:0;s:3:\"257\";}"
"2460","262","_other_item","field_56c2f5f1005e2"
"2461","262","product_images_0_product_image","265"
"2462","262","_product_images_0_product_image","field_56939c4a8cb3a"
"2463","262","product_images_1_product_image","266"
"2464","262","_product_images_1_product_image","field_56939c4a8cb3a"
"2465","262","product_images","4"
"2466","262","_product_images","field_568549e3ff728"
"2471","262","product_images_2_product_image","263"
"2472","262","_product_images_2_product_image","field_56939c4a8cb3a"
"2473","262","product_images_3_product_image","264"
"2474","262","_product_images_3_product_image","field_56939c4a8cb3a"
"2475","267","_edit_lock","1455816100:1"
"2476","267","_edit_last","1"
"2477","267","_visibility","visible"
"2478","267","_stock_status","instock"
"2479","267","_downloadable","no"
"2480","267","_virtual","no"
"2481","267","_purchase_note",""
"2482","267","_featured","no"
"2483","267","_weight",""
"2484","267","_length",""
"2485","267","_width",""
"2486","267","_height",""
"2487","267","_sku","SSB16004-Orange"
"2488","267","_product_attributes","a:0:{}"
"2489","267","_regular_price","229"
"2490","267","_sale_price",""
"2491","267","_sale_price_dates_from",""
"2492","267","_sale_price_dates_to",""
"2493","267","_price","229"
"2494","267","_sold_individually",""
"2495","267","_manage_stock","no"
"2496","267","_backorders","no"
"2497","267","_stock",""
"2498","267","_upsell_ids","a:0:{}"
"2499","267","_crosssell_ids","a:0:{}"
"2500","267","_product_version","2.5.2"
"2501","267","_product_image_gallery",""
"2502","267","other_item","a:1:{i:0;s:3:\"237\";}"
"2503","267","_other_item","field_56c2f5f1005e2"
"2504","267","product_images_0_product_image","268"
"2505","267","_product_images_0_product_image","field_56939c4a8cb3a"
"2506","267","product_images_1_product_image","269"
"2507","267","_product_images_1_product_image","field_56939c4a8cb3a"
"2508","267","product_images","4"
"2509","267","_product_images","field_568549e3ff728"
"2510","267","product_images_2_product_image","270"
"2511","267","_product_images_2_product_image","field_56939c4a8cb3a"
"2512","267","product_images_3_product_image","271"
"2513","267","_product_images_3_product_image","field_56939c4a8cb3a"
"2546","267","total_sales","0"
"2547","272","_edit_lock","1455816071:1"
"2548","272","_edit_last","1"
"2549","272","_visibility","visible"
"2550","272","_stock_status","instock"
"2551","272","_downloadable","no"
"2552","272","_virtual","no"
"2553","272","_purchase_note",""
"2554","272","_featured","no"
"2555","272","_weight",""
"2556","272","_length",""
"2557","272","_width",""
"2558","272","_height",""
"2559","272","_sku","SSB16004-White"
"2560","272","_product_attributes","a:0:{}"
"2561","272","_regular_price","229"
"2562","272","_sale_price",""
"2563","272","_sale_price_dates_from",""
"2564","272","_sale_price_dates_to",""
"2565","272","_price","229"
"2566","272","_sold_individually",""
"2567","272","_manage_stock","no"
"2568","272","_backorders","no"
"2569","272","_stock",""
"2570","272","_upsell_ids","a:0:{}"
"2571","272","_crosssell_ids","a:0:{}"
"2572","272","_product_version","2.5.2"
"2573","272","_product_image_gallery",""
"2574","272","other_item","a:1:{i:0;s:3:\"258\";}"
"2575","272","_other_item","field_56c2f5f1005e2"
"2576","272","product_images_0_product_image","273"
"2577","272","_product_images_0_product_image","field_56939c4a8cb3a"
"2578","272","product_images_1_product_image","274"
"2579","272","_product_images_1_product_image","field_56939c4a8cb3a"
"2580","272","product_images","4"
"2581","272","_product_images","field_568549e3ff728"
"2582","272","product_images_2_product_image","275"
"2583","272","_product_images_2_product_image","field_56939c4a8cb3a"
"2584","272","product_images_3_product_image","276"
"2585","272","_product_images_3_product_image","field_56939c4a8cb3a"
"2618","272","total_sales","0"
"2619","277","_edit_lock","1455816050:1"
"2620","277","_edit_last","1"
"2621","277","_visibility","visible"
"2622","277","_stock_status","instock"
"2623","277","total_sales","0"
"2624","277","_downloadable","no"
"2625","277","_virtual","no"
"2626","277","_purchase_note",""
"2627","277","_featured","no"
"2628","277","_weight",""
"2629","277","_length",""
"2630","277","_width",""
"2631","277","_height",""
"2632","277","_sku","SSB16005-White"
"2633","277","_product_attributes","a:0:{}"
"2634","277","_regular_price","149"
"2635","277","_sale_price",""
"2636","277","_sale_price_dates_from",""
"2637","277","_sale_price_dates_to",""
"2638","277","_price","149"
"2639","277","_sold_individually",""
"2640","277","_manage_stock","no"
"2641","277","_backorders","no"
"2642","277","_stock",""
"2643","277","_upsell_ids","a:0:{}"
"2644","277","_crosssell_ids","a:0:{}"
"2645","277","_product_version","2.5.2"
"2646","277","_product_image_gallery",""
"2647","277","other_item","a:1:{i:0;s:3:\"248\";}"
"2648","277","_other_item","field_56c2f5f1005e2"
"2649","277","product_images_0_product_image","249"
"2650","277","_product_images_0_product_image","field_56939c4a8cb3a"
"2651","277","product_images_1_product_image","250"
"2652","277","_product_images_1_product_image","field_56939c4a8cb3a"
"2653","277","product_images_2_product_image","283"
"2654","277","_product_images_2_product_image","field_56939c4a8cb3a"
"2655","277","product_images","4"
"2656","277","_product_images","field_568549e3ff728"
"2657","278","_edit_lock","1455815999:1"
"2658","278","_edit_last","1"
"2659","278","_visibility","visible"
"2660","278","_stock_status","instock"
"2661","278","_downloadable","no"
"2662","278","_virtual","no"
"2663","278","_purchase_note",""
"2664","278","_featured","no"
"2665","278","_weight",""
"2666","278","_length",""
"2667","278","_width",""
"2668","278","_height",""
"2669","278","_sku","SSB16005-Navy"
"2670","278","_product_attributes","a:0:{}"
"2671","278","_regular_price","149"
"2672","278","_sale_price",""
"2673","278","_sale_price_dates_from",""
"2674","278","_sale_price_dates_to",""
"2675","278","_price","149"
"2676","278","_sold_individually",""
"2677","278","_manage_stock","no"
"2678","278","_backorders","no"
"2679","278","_stock",""
"2680","278","_upsell_ids","a:0:{}"
"2681","278","_crosssell_ids","a:0:{}"
"2682","278","_product_version","2.5.2"
"2683","278","_product_image_gallery",""
"2684","278","other_item",""
"2685","278","_other_item","field_56c2f5f1005e2"
"2686","278","product_images_0_product_image","280"
"2687","278","_product_images_0_product_image","field_56939c4a8cb3a"
"2688","278","product_images_1_product_image","281"
"2689","278","_product_images_1_product_image","field_56939c4a8cb3a"
"2692","278","product_images","3"
"2693","278","_product_images","field_568549e3ff728"
"2720","278","total_sales","0"
"2721","279","_edit_lock","1455815977:1"
"2722","279","_edit_last","1"
"2723","279","_visibility","visible"
"2724","279","_stock_status","instock"
"2725","279","_downloadable","no"
"2726","279","_virtual","no"
"2727","279","_purchase_note",""
"2728","279","_featured","no"
"2729","279","_weight",""
"2730","279","_length",""
"2731","279","_width",""
"2732","279","_height",""
"2733","279","_sku","SSB16005-Orange"
"2734","279","_product_attributes","a:0:{}"
"2735","279","_regular_price","149"
"2736","279","_sale_price",""
"2737","279","_sale_price_dates_from",""
"2738","279","_sale_price_dates_to",""
"2739","279","_price","149"
"2740","279","_sold_individually",""
"2741","279","_manage_stock","no"
"2742","279","_backorders","no"
"2743","279","_stock",""
"2744","279","_upsell_ids","a:0:{}"
"2745","279","_crosssell_ids","a:0:{}"
"2746","279","_product_version","2.5.2"
"2747","279","_product_image_gallery",""
"2748","279","other_item","a:1:{i:0;s:3:\"245\";}"
"2749","279","_other_item","field_56c2f5f1005e2"
"2750","279","product_images_0_product_image","246"
"2751","279","_product_images_0_product_image","field_56939c4a8cb3a"
"2752","279","product_images_1_product_image","247"
"2753","279","_product_images_1_product_image","field_56939c4a8cb3a"
"2754","279","product_images","2"
"2755","279","_product_images","field_568549e3ff728"
"2784","279","total_sales","0"
"2791","278","product_images_2_product_image","282"
"2792","278","_product_images_2_product_image","field_56939c4a8cb3a"
"2797","277","product_images_3_product_image","284"
"2798","277","_product_images_3_product_image","field_56939c4a8cb3a"
"2799","285","_edit_lock","1455815957:1"
"2800","285","_edit_last","1"
"2805","285","_visibility","visible"
"2806","285","_stock_status","instock"
"2807","285","total_sales","0"
"2808","285","_downloadable","no"
"2809","285","_virtual","no"
"2810","285","_purchase_note",""
"2811","285","_featured","no"
"2812","285","_weight",""
"2813","285","_length",""
"2814","285","_width",""
"2815","285","_height",""
"2816","285","_sku","SSB16020-Orange"
"2817","285","_product_attributes","a:0:{}"
"2818","285","_regular_price","289"
"2819","285","_sale_price",""
"2820","285","_sale_price_dates_from",""
"2821","285","_sale_price_dates_to",""
"2822","285","_price","289"
"2823","285","_sold_individually",""
"2824","285","_manage_stock","no"
"2825","285","_backorders","no"
"2826","285","_stock",""
"2827","285","_upsell_ids","a:0:{}"
"2828","285","_crosssell_ids","a:0:{}"
"2829","285","_product_version","2.5.2"
"2830","285","_product_image_gallery",""
"2831","285","other_item",""
"2832","285","_other_item","field_56c2f5f1005e2"
"2833","285","product_images_0_product_image","286"
"2834","285","_product_images_0_product_image","field_56939c4a8cb3a"
"2835","285","product_images_1_product_image","287"
"2836","285","_product_images_1_product_image","field_56939c4a8cb3a"
"2837","285","product_images","2"
"2838","285","_product_images","field_568549e3ff728"
"2839","288","_edit_lock","1455815934:1"
"2840","288","_edit_last","1"
"2841","288","_visibility","visible"
"2842","288","_stock_status","instock"
"2843","288","total_sales","0"
"2844","288","_downloadable","no"
"2845","288","_virtual","no"
"2846","288","_purchase_note",""
"2847","288","_featured","no"
"2848","288","_weight",""
"2849","288","_length",""
"2850","288","_width",""
"2851","288","_height",""
"2852","288","_sku","SSB16006"
"2853","288","_product_attributes","a:0:{}"
"2854","288","_regular_price","59"
"2855","288","_sale_price",""
"2856","288","_sale_price_dates_from",""
"2857","288","_sale_price_dates_to",""
"2858","288","_price","59"
"2859","288","_sold_individually",""
"2860","288","_manage_stock","no"
"2861","288","_backorders","no"
"2862","288","_stock",""
"2863","288","_upsell_ids","a:0:{}"
"2864","288","_crosssell_ids","a:0:{}"
"2865","288","_product_version","2.5.2"
"2866","288","_product_image_gallery",""
"2867","288","other_item","a:1:{i:0;s:3:\"338\";}"
"2868","288","_other_item","field_56c2f5f1005e2"
"2869","288","product_images_0_product_image","382"
"2870","288","_product_images_0_product_image","field_56939c4a8cb3a"
"2871","288","product_images","2"
"2872","288","_product_images","field_568549e3ff728"
"2873","290","_edit_lock","1455815915:1"
"2874","290","_edit_last","1"
"2875","290","_visibility","visible"
"2876","290","_stock_status","instock"
"2877","290","_downloadable","no"
"2878","290","_virtual","no"
"2879","290","_purchase_note",""
"2880","290","_featured","no"
"2881","290","_weight",""
"2882","290","_length",""
"2883","290","_width",""
"2884","290","_height",""
"2885","290","_sku","SSB16006"
"2886","290","_product_attributes","a:0:{}"
"2887","290","_regular_price","59"
"2888","290","_sale_price",""
"2889","290","_sale_price_dates_from",""
"2890","290","_sale_price_dates_to",""
"2891","290","_price","59"
"2892","290","_sold_individually",""
"2893","290","_manage_stock","no"
"2894","290","_backorders","no"
"2895","290","_stock",""
"2896","290","_upsell_ids","a:0:{}"
"2897","290","_crosssell_ids","a:0:{}"
"2898","290","_product_version","2.5.2"
"2899","290","_product_image_gallery",""
"2900","290","other_item","a:1:{i:0;s:3:\"322\";}"
"2901","290","_other_item","field_56c2f5f1005e2"
"2902","290","product_images_0_product_image","291"
"2903","290","_product_images_0_product_image","field_56939c4a8cb3a"
"2904","290","product_images","2"
"2905","290","_product_images","field_568549e3ff728"
"2940","290","total_sales","0"
"2941","290","product_images_1_product_image","292"
"2942","290","_product_images_1_product_image","field_56939c4a8cb3a"
"2947","295","_edit_lock","1455815889:1"
"2948","295","_edit_last","1"
"2949","295","_visibility","visible"
"2950","295","_stock_status","instock"
"2951","295","_downloadable","no"
"2952","295","_virtual","no"
"2953","295","_purchase_note",""
"2954","295","_featured","no"
"2955","295","_weight",""
"2956","295","_length",""
"2957","295","_width",""
"2958","295","_height",""
"2959","295","_sku","SSB16006"
"2960","295","_product_attributes","a:0:{}"
"2961","295","_regular_price","59"
"2962","295","_sale_price",""
"2963","295","_sale_price_dates_from",""
"2964","295","_sale_price_dates_to",""
"2965","295","_price","59"
"2966","295","_sold_individually",""
"2967","295","_manage_stock","no"
"2968","295","_backorders","no"
"2969","295","_stock",""
"2970","295","_upsell_ids","a:0:{}"
"2971","295","_crosssell_ids","a:0:{}"
"2972","295","_product_version","2.5.2"
"2973","295","_product_image_gallery",""
"2974","295","other_item","a:1:{i:0;s:3:\"316\";}"
"2975","295","_other_item","field_56c2f5f1005e2"
"2976","295","product_images_0_product_image","293"
"2977","295","_product_images_0_product_image","field_56939c4a8cb3a"
"2978","295","product_images","2"
"2979","295","_product_images","field_568549e3ff728"
"2980","295","product_images_1_product_image","294"
"2981","295","_product_images_1_product_image","field_56939c4a8cb3a"
"3010","295","total_sales","0"
"3011","245","_wp_old_slug","sweater-jp"
"3012","231","other_item",""
"3013","231","_other_item","field_56c2f5f1005e2"
"3014","227","_wp_trash_meta_status","draft"
"3015","227","_wp_trash_meta_time","1455621392"
"3016","223","_wp_trash_meta_status","publish"
"3017","223","_wp_trash_meta_time","1455621392"
"3018","219","_wp_trash_meta_status","publish"
"3019","219","_wp_trash_meta_time","1455621392"
"3020","202","_wp_trash_meta_status","publish"
"3021","202","_wp_trash_meta_time","1455621419"
"3022","198","_wp_trash_meta_status","publish"
"3023","198","_wp_trash_meta_time","1455621420"
"3024","185","_wp_trash_meta_status","draft"
"3025","185","_wp_trash_meta_time","1455621420"
"3026","181","_wp_trash_meta_status","draft"
"3027","181","_wp_trash_meta_time","1455621420"
"3028","178","_wp_trash_meta_status","publish"
"3029","178","_wp_trash_meta_time","1455621420"
"3030","175","_wp_trash_meta_status","publish"
"3031","175","_wp_trash_meta_time","1455621420"
"3032","171","_wp_trash_meta_status","publish"
"3033","171","_wp_trash_meta_time","1455621420"
"3034","168","_wp_trash_meta_status","publish"
"3035","168","_wp_trash_meta_time","1455621420"
"3036","165","_wp_trash_meta_status","draft"
"3037","165","_wp_trash_meta_time","1455621420"
"3038","161","_wp_trash_meta_status","publish"
"3039","161","_wp_trash_meta_time","1455621420"
"3040","215","_wp_trash_meta_status","publish"
"3041","215","_wp_trash_meta_time","1455621435"
"3042","210","_wp_trash_meta_status","publish"
"3043","210","_wp_trash_meta_time","1455621436"
"3044","206","_wp_trash_meta_status","publish"
"3045","206","_wp_trash_meta_time","1455621436"
"3046","296","_edit_lock","1455815868:1"
"3047","296","_edit_last","1"
"3048","296","_visibility","visible"
"3049","296","_stock_status","instock"
"3050","296","_downloadable","no"
"3051","296","_virtual","no"
"3052","296","_purchase_note",""
"3053","296","_featured","no"
"3054","296","_weight",""
"3055","296","_length",""
"3056","296","_width",""
"3057","296","_height",""
"3058","296","_sku","SSB160062-Grey-White"
"3059","296","_product_attributes","a:0:{}"
"3060","296","_regular_price","59"
"3061","296","_sale_price",""
"3062","296","_sale_price_dates_from",""
"3063","296","_sale_price_dates_to",""
"3064","296","_price","59"
"3065","296","_sold_individually",""
"3066","296","_manage_stock","no"
"3067","296","_backorders","no"
"3068","296","_stock",""
"3069","296","_upsell_ids","a:0:{}"
"3070","296","_crosssell_ids","a:0:{}"
"3071","296","_product_version","2.5.2"
"3072","296","_product_image_gallery",""
"3073","296","other_item","a:1:{i:0;s:3:\"388\";}"
"3074","296","_other_item","field_56c2f5f1005e2"
"3075","296","product_images_0_product_image","297"
"3076","296","_product_images_0_product_image","field_56939c4a8cb3a"
"3077","296","product_images","2"
"3078","296","_product_images","field_568549e3ff728"
"3113","296","total_sales","0"
"3114","296","product_images_1_product_image","298"
"3115","296","_product_images_1_product_image","field_56939c4a8cb3a"
"3116","299","_edit_lock","1455815844:1"
"3117","299","_edit_last","1"
"3118","299","_visibility","visible"
"3119","299","_stock_status","instock"
"3120","299","_downloadable","no"
"3121","299","_virtual","no"
"3122","299","_purchase_note",""
"3123","299","_featured","no"
"3124","299","_weight",""
"3125","299","_length",""
"3126","299","_width",""
"3127","299","_height",""
"3128","299","_sku","SSB160062-Moonbeam-White"
"3129","299","_product_attributes","a:0:{}"
"3130","299","_regular_price","59"
"3131","299","_sale_price",""
"3132","299","_sale_price_dates_from",""
"3133","299","_sale_price_dates_to",""
"3134","299","_price","59"
"3135","299","_sold_individually",""
"3136","299","_manage_stock","no"
"3137","299","_backorders","no"
"3138","299","_stock",""
"3139","299","_upsell_ids","a:0:{}"
"3140","299","_crosssell_ids","a:0:{}"
"3141","299","_product_version","2.5.2"
"3142","299","_product_image_gallery",""
"3143","299","other_item","a:1:{i:0;s:3:\"393\";}"
"3144","299","_other_item","field_56c2f5f1005e2"
"3145","299","product_images_0_product_image","300"
"3146","299","_product_images_0_product_image","field_56939c4a8cb3a"
"3147","299","product_images","2"
"3148","299","_product_images","field_568549e3ff728"
"3149","299","product_images_1_product_image","301"
"3150","299","_product_images_1_product_image","field_56939c4a8cb3a"
"3183","299","total_sales","0"
"3184","299","_wp_old_slug","cropped-tank-top-moonbeamwhite-copy"
"3185","288","_wp_old_slug","cropped-tank-top"
"3186","248","_wp_old_slug","sweater-jp-whisper-white"
"3187","302","_edit_lock","1455815785:1"
"3188","302","_edit_last","1"
"3193","302","_visibility","visible"
"3194","302","_stock_status","instock"
"3195","302","total_sales","0"
"3196","302","_downloadable","no"
"3197","302","_virtual","no"
"3198","302","_purchase_note",""
"3199","302","_featured","no"
"3200","302","_weight",""
"3201","302","_length",""
"3202","302","_width",""
"3203","302","_height",""
"3204","302","_sku","SSB16008-Orange"
"3205","302","_product_attributes","a:0:{}"
"3206","302","_regular_price","59"
"3207","302","_sale_price",""
"3208","302","_sale_price_dates_from",""
"3209","302","_sale_price_dates_to",""
"3210","302","_price","59"
"3211","302","_sold_individually",""
"3212","302","_manage_stock","no"
"3213","302","_backorders","no"
"3214","302","_stock",""
"3215","302","_upsell_ids","a:0:{}"
"3216","302","_crosssell_ids","a:0:{}"
"3217","302","_product_version","2.5.2"
"3218","302","_product_image_gallery",""
"3219","302","other_item","a:1:{i:0;s:3:\"316\";}"
"3220","302","_other_item","field_56c2f5f1005e2"
"3221","302","product_images_0_product_image","303"
"3222","302","_product_images_0_product_image","field_56939c4a8cb3a"
"3223","302","product_images_1_product_image","304"
"3224","302","_product_images_1_product_image","field_56939c4a8cb3a"
"3225","302","product_images","2"
"3226","302","_product_images","field_568549e3ff728"
"3227","305","_edit_lock","1455815761:1"
"3228","305","_edit_last","1"
"3229","305","_visibility","visible"
"3230","305","_stock_status","instock"
"3231","305","_downloadable","no"
"3232","305","_virtual","no"
"3233","305","_purchase_note",""
"3234","305","_featured","no"
"3235","305","_weight",""
"3236","305","_length",""
"3237","305","_width",""
"3238","305","_height",""
"3239","305","_sku","SSB16008-White"
"3240","305","_product_attributes","a:0:{}"
"3241","305","_regular_price","59"
"3242","305","_sale_price",""
"3243","305","_sale_price_dates_from",""
"3244","305","_sale_price_dates_to",""
"3245","305","_price","59"
"3246","305","_sold_individually",""
"3247","305","_manage_stock","no"
"3248","305","_backorders","no"
"3249","305","_stock",""
"3250","305","_upsell_ids","a:0:{}"
"3251","305","_crosssell_ids","a:0:{}"
"3252","305","_product_version","2.5.2"
"3253","305","_product_image_gallery",""
"3254","305","other_item","a:1:{i:0;s:3:\"353\";}"
"3255","305","_other_item","field_56c2f5f1005e2"
"3256","305","product_images_0_product_image","306"
"3257","305","_product_images_0_product_image","field_56939c4a8cb3a"
"3258","305","product_images_1_product_image","307"
"3259","305","_product_images_1_product_image","field_56939c4a8cb3a"
"3260","305","product_images","2"
"3261","305","_product_images","field_568549e3ff728"
"3294","305","total_sales","0"
"3295","308","_edit_lock","1455815736:1"
"3296","308","_edit_last","1"
"3297","308","_visibility","visible"
"3298","308","_stock_status","instock"
"3299","308","_downloadable","no"
"3300","308","_virtual","no"
"3301","308","_purchase_note",""
"3302","308","_featured","no"
"3303","308","_weight",""
"3304","308","_length",""
"3305","308","_width",""
"3306","308","_height",""
"3307","308","_sku","SSB160082-Grey-White"
"3308","308","_product_attributes","a:0:{}"
"3309","308","_regular_price","59"
"3310","308","_sale_price",""
"3311","308","_sale_price_dates_from",""
"3312","308","_sale_price_dates_to",""
"3313","308","_price","59"
"3314","308","_sold_individually",""
"3315","308","_manage_stock","no"
"3316","308","_backorders","no"
"3317","308","_stock",""
"3318","308","_upsell_ids","a:0:{}"
"3319","308","_crosssell_ids","a:0:{}"
"3320","308","_product_version","2.5.2"
"3321","308","_product_image_gallery",""
"3322","308","other_item","a:1:{i:0;s:3:\"328\";}"
"3323","308","_other_item","field_56c2f5f1005e2"
"3324","308","product_images_0_product_image","309"
"3325","308","_product_images_0_product_image","field_56939c4a8cb3a"
"3326","308","product_images_1_product_image","310"
"3327","308","_product_images_1_product_image","field_56939c4a8cb3a"
"3328","308","product_images","4"
"3329","308","_product_images","field_568549e3ff728"
"3366","308","total_sales","0"
"3367","308","product_images_2_product_image","311"
"3368","308","_product_images_2_product_image","field_56939c4a8cb3a"
"3369","308","product_images_3_product_image","312"
"3370","308","_product_images_3_product_image","field_56939c4a8cb3a"
"3371","313","_edit_lock","1455815713:1"
"3372","313","_edit_last","1"
"3373","313","_visibility","visible"
"3374","313","_stock_status","instock"
"3375","313","_downloadable","no"
"3376","313","_virtual","no"
"3377","313","_purchase_note",""
"3378","313","_featured","no"
"3379","313","_weight",""
"3380","313","_length",""
"3381","313","_width",""
"3382","313","_height",""
"3383","313","_sku","SSB160082-Moonbeam-White"
"3384","313","_product_attributes","a:0:{}"
"3385","313","_regular_price","59"
"3386","313","_sale_price",""
"3387","313","_sale_price_dates_from",""
"3388","313","_sale_price_dates_to",""
"3389","313","_price","59"
"3390","313","_sold_individually",""
"3391","313","_manage_stock","no"
"3392","313","_backorders","no"
"3393","313","_stock",""
"3394","313","_upsell_ids","a:0:{}"
"3395","313","_crosssell_ids","a:0:{}"
"3396","313","_product_version","2.5.2"
"3397","313","_product_image_gallery",""
"3398","313","other_item","a:1:{i:0;s:3:\"333\";}"
"3399","313","_other_item","field_56c2f5f1005e2"
"3400","313","product_images_0_product_image","314"
"3401","313","_product_images_0_product_image","field_56939c4a8cb3a"
"3402","313","product_images_1_product_image","315"
"3403","313","_product_images_1_product_image","field_56939c4a8cb3a"
"3404","313","product_images","2"
"3405","313","_product_images","field_568549e3ff728"
"3438","313","total_sales","0"
"3439","316","_edit_lock","1455890748:1"
"3440","316","_edit_last","1"
"3449","316","_visibility","visible"
"3450","316","_stock_status","instock"
"3451","316","total_sales","0"
"3452","316","_downloadable","no"
"3453","316","_virtual","no"
"3454","316","_purchase_note",""
"3455","316","_featured","no"
"3456","316","_weight",""
"3457","316","_length",""
"3458","316","_width",""
"3459","316","_height",""
"3460","316","_sku","SSB16009-Cognac"
"3461","316","_product_attributes","a:0:{}"
"3462","316","_regular_price","59"
"3463","316","_sale_price",""
"3464","316","_sale_price_dates_from",""
"3465","316","_sale_price_dates_to",""
"3466","316","_price","59"
"3467","316","_sold_individually",""
"3468","316","_manage_stock","no"
"3469","316","_backorders","no"
"3470","316","_stock",""
"3471","316","_upsell_ids","a:0:{}"
"3472","316","_crosssell_ids","a:0:{}"
"3473","316","_product_version","2.5.2"
"3474","316","_product_image_gallery",""
"3475","316","other_item","a:1:{i:0;s:3:\"302\";}"
"3476","316","_other_item","field_56c2f5f1005e2"
"3477","316","product_images_0_product_image","317"
"3478","316","_product_images_0_product_image","field_56939c4a8cb3a"
"3479","316","product_images_1_product_image","318"
"3480","316","_product_images_1_product_image","field_56939c4a8cb3a"
"3481","316","product_images_2_product_image","319"
"3482","316","_product_images_2_product_image","field_56939c4a8cb3a"
"3483","316","product_images_3_product_image","320"
"3484","316","_product_images_3_product_image","field_56939c4a8cb3a"
"3485","316","product_images","4"
"3486","316","_product_images","field_568549e3ff728"
"3487","322","_edit_lock","1455815672:1"
"3488","322","_edit_last","1"
"3489","322","_visibility","visible"
"3490","322","_stock_status","instock"
"3491","322","_downloadable","no"
"3492","322","_virtual","no"
"3493","322","_purchase_note",""
"3494","322","_featured","no"
"3495","322","_weight",""
"3496","322","_length",""
"3497","322","_width",""
"3498","322","_height",""
"3499","322","_sku","SSB16009-White"
"3500","322","_product_attributes","a:0:{}"
"3501","322","_regular_price","59"
"3502","322","_sale_price",""
"3503","322","_sale_price_dates_from",""
"3504","322","_sale_price_dates_to",""
"3505","322","_price","59"
"3506","322","_sold_individually",""
"3507","322","_manage_stock","no"
"3508","322","_backorders","no"
"3509","322","_stock",""
"3510","322","_upsell_ids","a:0:{}"
"3511","322","_crosssell_ids","a:0:{}"
"3512","322","_product_version","2.5.2"
"3513","322","_product_image_gallery",""
"3514","322","other_item","a:1:{i:0;s:3:\"290\";}"
"3515","322","_other_item","field_56c2f5f1005e2"
"3516","322","product_images_0_product_image","323"
"3517","322","_product_images_0_product_image","field_56939c4a8cb3a"
"3518","322","product_images_1_product_image","324"
"3519","322","_product_images_1_product_image","field_56939c4a8cb3a"
"3520","322","product_images_2_product_image","325"
"3521","322","_product_images_2_product_image","field_56939c4a8cb3a"
"3522","322","product_images_3_product_image","326"
"3523","322","_product_images_3_product_image","field_56939c4a8cb3a"
"3524","322","product_images","5"
"3525","322","_product_images","field_568549e3ff728"
"3560","322","total_sales","0"
"3561","322","product_images_4_product_image","327"
"3562","322","_product_images_4_product_image","field_56939c4a8cb3a"
"3563","328","_edit_lock","1455815653:1"
"3564","328","_edit_last","1"
"3565","328","_visibility","visible"
"3566","328","_stock_status","instock"
"3567","328","_downloadable","no"
"3568","328","_virtual","no"
"3569","328","_purchase_note",""
"3570","328","_featured","no"
"3571","328","_weight",""
"3572","328","_length",""
"3573","328","_width",""
"3574","328","_height",""
"3575","328","_sku","SSB160092-Grey-White"
"3576","328","_product_attributes","a:0:{}"
"3577","328","_regular_price","59"
"3578","328","_sale_price",""
"3579","328","_sale_price_dates_from",""
"3580","328","_sale_price_dates_to",""
"3581","328","_price","59"
"3582","328","_sold_individually",""
"3583","328","_manage_stock","no"
"3584","328","_backorders","no"
"3585","328","_stock",""
"3586","328","_upsell_ids","a:0:{}"
"3587","328","_crosssell_ids","a:0:{}"
"3588","328","_product_version","2.5.2"
"3589","328","_product_image_gallery",""
"3590","328","other_item","a:1:{i:0;s:3:\"308\";}"
"3591","328","_other_item","field_56c2f5f1005e2"
"3592","328","product_images_0_product_image","329"
"3593","328","_product_images_0_product_image","field_56939c4a8cb3a"
"3594","328","product_images_1_product_image","330"
"3595","328","_product_images_1_product_image","field_56939c4a8cb3a"
"3596","328","product_images_2_product_image","331"
"3597","328","_product_images_2_product_image","field_56939c4a8cb3a"
"3598","328","product_images_3_product_image","332"
"3599","328","_product_images_3_product_image","field_56939c4a8cb3a"
"3600","328","product_images","4"
"3601","328","_product_images","field_568549e3ff728"
"3634","328","total_sales","0"
"3635","333","_edit_lock","1455815629:1"
"3636","333","_edit_last","1"
"3637","333","_visibility","visible"
"3638","333","_stock_status","instock"
"3639","333","_downloadable","no"
"3640","333","_virtual","no"
"3641","333","_purchase_note",""
"3642","333","_featured","no"
"3643","333","_weight",""
"3644","333","_length",""
"3645","333","_width",""
"3646","333","_height",""
"3647","333","_sku","SSB160092-Moonbeam-White"
"3648","333","_product_attributes","a:0:{}"
"3649","333","_regular_price","59"
"3650","333","_sale_price",""
"3651","333","_sale_price_dates_from",""
"3652","333","_sale_price_dates_to",""
"3653","333","_price","59"
"3654","333","_sold_individually",""
"3655","333","_manage_stock","no"
"3656","333","_backorders","no"
"3657","333","_stock",""
"3658","333","_upsell_ids","a:0:{}"
"3659","333","_crosssell_ids","a:0:{}"
"3660","333","_product_version","2.5.2"
"3661","333","_product_image_gallery",""
"3662","333","other_item","a:1:{i:0;s:3:\"313\";}"
"3663","333","_other_item","field_56c2f5f1005e2"
"3664","333","product_images_0_product_image","334"
"3665","333","_product_images_0_product_image","field_56939c4a8cb3a"
"3666","333","product_images_1_product_image","335"
"3667","333","_product_images_1_product_image","field_56939c4a8cb3a"
"3668","333","product_images_2_product_image","336"
"3669","333","_product_images_2_product_image","field_56939c4a8cb3a"
"3670","333","product_images_3_product_image","337"
"3671","333","_product_images_3_product_image","field_56939c4a8cb3a"
"3672","333","product_images","4"
"3673","333","_product_images","field_568549e3ff728"
"3706","333","total_sales","0"
"3707","338","_edit_lock","1455815579:1"
"3708","338","_edit_last","1"
"3717","338","_visibility","visible"
"3718","338","_stock_status","instock"
"3719","338","total_sales","0"
"3720","338","_downloadable","no"
"3721","338","_virtual","no"
"3722","338","_purchase_note",""
"3723","338","_featured","no"
"3724","338","_weight",""
"3725","338","_length",""
"3726","338","_width",""
"3727","338","_height",""
"3728","338","_sku","SSB16010-Anthracite"
"3729","338","_product_attributes","a:0:{}"
"3730","338","_regular_price","69"
"3731","338","_sale_price",""
"3732","338","_sale_price_dates_from",""
"3733","338","_sale_price_dates_to",""
"3734","338","_price","69"
"3735","338","_sold_individually",""
"3736","338","_manage_stock","no"
"3737","338","_backorders","no"
"3738","338","_stock",""
"3739","338","_upsell_ids","a:0:{}"
"3740","338","_crosssell_ids","a:0:{}"
"3741","338","_product_version","2.5.2"
"3742","338","_product_image_gallery",""
"3743","338","other_item","a:1:{i:0;s:3:\"288\";}"
"3744","338","_other_item","field_56c2f5f1005e2"
"3745","338","product_images_0_product_image","341"
"3746","338","_product_images_0_product_image","field_56939c4a8cb3a"
"3747","338","product_images_1_product_image","342"
"3748","338","_product_images_1_product_image","field_56939c4a8cb3a"
"3749","338","product_images_2_product_image","339"
"3750","338","_product_images_2_product_image","field_56939c4a8cb3a"
"3751","338","product_images_3_product_image","340"
"3752","338","_product_images_3_product_image","field_56939c4a8cb3a"
"3753","338","product_images","4"
"3754","338","_product_images","field_568549e3ff728"
"3755","343","_edit_lock","1455818605:1"
"3756","343","_edit_last","1"
"3757","343","_visibility","visible"
"3758","343","_stock_status","instock"
"3759","343","_downloadable","no"
"3760","343","_virtual","no"
"3761","343","_purchase_note",""
"3762","343","_featured","no"
"3763","343","_weight",""
"3764","343","_length",""
"3765","343","_width",""
"3766","343","_height",""
"3767","343","_sku","SSB16010-Cognac"
"3768","343","_product_attributes","a:0:{}"
"3769","343","_regular_price","69"
"3770","343","_sale_price",""
"3771","343","_sale_price_dates_from",""
"3772","343","_sale_price_dates_to",""
"3773","343","_price","69"
"3774","343","_sold_individually",""
"3775","343","_manage_stock","no"
"3776","343","_backorders","no"
"3777","343","_stock",""
"3778","343","_upsell_ids","a:0:{}"
"3779","343","_crosssell_ids","a:0:{}"
"3780","343","_product_version","2.5.2"
"3781","343","_product_image_gallery",""
"3782","343","other_item","a:1:{i:0;s:3:\"362\";}"
"3783","343","_other_item","field_56c2f5f1005e2"
"3784","343","product_images_0_product_image","346"
"3785","343","_product_images_0_product_image","field_56939c4a8cb3a"
"3786","343","product_images_1_product_image","347"
"3787","343","_product_images_1_product_image","field_56939c4a8cb3a"
"3788","343","product_images_2_product_image","344"
"3789","343","_product_images_2_product_image","field_56939c4a8cb3a"
"3790","343","product_images_3_product_image","345"
"3791","343","_product_images_3_product_image","field_56939c4a8cb3a"
"3792","343","product_images","4"
"3793","343","_product_images","field_568549e3ff728"
"3826","343","total_sales","0"
"3827","348","_edit_lock","1455815542:1"
"3828","348","_edit_last","1"
"3829","348","_visibility","visible"
"3830","348","_stock_status","instock"
"3831","348","_downloadable","no"
"3832","348","_virtual","no"
"3833","348","_purchase_note",""
"3834","348","_featured","no"
"3835","348","_weight",""
"3836","348","_length",""
"3837","348","_width",""
"3838","348","_height",""
"3839","348","_sku","SSB160102-Grey-White"
"3840","348","_product_attributes","a:0:{}"
"3841","348","_regular_price","69"
"3842","348","_sale_price",""
"3843","348","_sale_price_dates_from",""
"3844","348","_sale_price_dates_to",""
"3845","348","_price","69"
"3846","348","_sold_individually",""
"3847","348","_manage_stock","no"
"3848","348","_backorders","no"
"3849","348","_stock",""
"3850","348","_upsell_ids","a:0:{}"
"3851","348","_crosssell_ids","a:0:{}"
"3852","348","_product_version","2.5.2"
"3853","348","_product_image_gallery",""
"3854","348","other_item","a:1:{i:0;s:3:\"367\";}"
"3855","348","_other_item","field_56c2f5f1005e2"
"3856","348","product_images_0_product_image","349"
"3857","348","_product_images_0_product_image","field_56939c4a8cb3a"
"3858","348","product_images_1_product_image","350"
"3859","348","_product_images_1_product_image","field_56939c4a8cb3a"
"3860","348","product_images_2_product_image","351"
"3861","348","_product_images_2_product_image","field_56939c4a8cb3a"
"3862","348","product_images_3_product_image","352"
"3863","348","_product_images_3_product_image","field_56939c4a8cb3a"
"3864","348","product_images","5"
"3865","348","_product_images","field_568549e3ff728"
"3898","348","total_sales","0"
"3899","353","_edit_lock","1455815518:1"
"3900","353","_edit_last","1"
"3901","353","_visibility","visible"
"3902","353","_stock_status","instock"
"3903","353","_downloadable","no"
"3904","353","_virtual","no"
"3905","353","_purchase_note",""
"3906","353","_featured","no"
"3907","353","_weight",""
"3908","353","_length",""
"3909","353","_width",""
"3910","353","_height",""
"3911","353","_sku","SSB16010-White"
"3912","353","_product_attributes","a:0:{}"
"3913","353","_regular_price","69"
"3914","353","_sale_price",""
"3915","353","_sale_price_dates_from",""
"3916","353","_sale_price_dates_to",""
"3917","353","_price","69"
"3918","353","_sold_individually",""
"3919","353","_manage_stock","no"
"3920","353","_backorders","no"
"3921","353","_stock",""
"3922","353","_upsell_ids","a:0:{}"
"3923","353","_crosssell_ids","a:0:{}"
"3924","353","_product_version","2.5.2"
"3925","353","_product_image_gallery",""
"3926","353","other_item","a:1:{i:0;s:3:\"305\";}"
"3927","353","_other_item","field_56c2f5f1005e2"
"3928","353","product_images_0_product_image","356"
"3929","353","_product_images_0_product_image","field_56939c4a8cb3a"
"3930","353","product_images_1_product_image","357"
"3931","353","_product_images_1_product_image","field_56939c4a8cb3a"
"3932","353","product_images_2_product_image","354"
"3933","353","_product_images_2_product_image","field_56939c4a8cb3a"
"3934","353","product_images_3_product_image","355"
"3935","353","_product_images_3_product_image","field_56939c4a8cb3a"
"3936","353","product_images","4"
"3937","353","_product_images","field_568549e3ff728"
"3970","353","total_sales","0"
"3971","358","_edit_lock","1455815499:1"
"3972","358","_edit_last","1"
"3973","358","_visibility","visible"
"3974","358","_stock_status","instock"
"3975","358","total_sales","0"
"3976","358","_downloadable","no"
"3977","358","_virtual","no"
"3978","358","_purchase_note",""
"3979","358","_featured","no"
"3980","358","_weight",""
"3981","358","_length",""
"3982","358","_width",""
"3983","358","_height",""
"3984","358","_sku","SSB16011-Anthracite"
"3985","358","_product_attributes","a:0:{}"
"3986","358","_regular_price","59"
"3987","358","_sale_price",""
"3988","358","_sale_price_dates_from",""
"3989","358","_sale_price_dates_to",""
"3990","358","_price","59"
"3991","358","_sold_individually",""
"3992","358","_manage_stock","no"
"3993","358","_backorders","no"
"3994","358","_stock",""
"3995","358","_upsell_ids","a:0:{}"
"3996","358","_crosssell_ids","a:0:{}"
"3997","358","_product_version","2.5.2"
"3998","358","_product_image_gallery",""
"3999","358","other_item","a:1:{i:0;s:3:\"367\";}"
"4000","358","_other_item","field_56c2f5f1005e2"
"4001","358","product_images_0_product_image","365"
"4002","358","_product_images_0_product_image","field_56939c4a8cb3a"
"4003","358","product_images","2"
"4004","358","_product_images","field_568549e3ff728"
"4005","359","_edit_lock","1455815478:1"
"4006","359","_edit_last","1"
"4007","359","_visibility","visible"
"4008","359","_stock_status","instock"
"4009","359","_downloadable","no"
"4010","359","_virtual","no"
"4011","359","_purchase_note",""
"4012","359","_featured","no"
"4013","359","_weight",""
"4014","359","_length",""
"4015","359","_width",""
"4016","359","_height",""
"4017","359","_sku","SSB16011-White"
"4018","359","_product_attributes","a:0:{}"
"4019","359","_regular_price","59"
"4020","359","_sale_price",""
"4021","359","_sale_price_dates_from",""
"4022","359","_sale_price_dates_to",""
"4023","359","_price","59"
"4024","359","_sold_individually",""
"4025","359","_manage_stock","no"
"4026","359","_backorders","no"
"4027","359","_stock",""
"4028","359","_upsell_ids","a:0:{}"
"4029","359","_crosssell_ids","a:0:{}"
"4030","359","_product_version","2.5.2"
"4031","359","_product_image_gallery",""
"4032","359","other_item","a:1:{i:0;s:3:\"333\";}"
"4033","359","_other_item","field_56c2f5f1005e2"
"4034","359","product_images_0_product_image","360"
"4035","359","_product_images_0_product_image","field_56939c4a8cb3a"
"4036","359","product_images","2"
"4037","359","_product_images","field_568549e3ff728"
"4072","359","total_sales","0"
"4073","359","product_images_1_product_image","361"
"4074","359","_product_images_1_product_image","field_56939c4a8cb3a"
"4075","362","_edit_lock","1455815458:1"
"4076","362","_edit_last","1"
"4077","362","_visibility","visible"
"4078","362","_stock_status","instock"
"4079","362","_downloadable","no"
"4080","362","_virtual","no"
"4081","362","_purchase_note",""
"4082","362","_featured","no"
"4083","362","_weight",""
"4084","362","_length",""
"4085","362","_width",""
"4086","362","_height",""
"4087","362","_sku","SSB16011-Cognac"
"4088","362","_product_attributes","a:0:{}"
"4089","362","_regular_price","59"
"4090","362","_sale_price",""
"4091","362","_sale_price_dates_from",""
"4092","362","_sale_price_dates_to",""
"4093","362","_price","59"
"4094","362","_sold_individually",""
"4095","362","_manage_stock","no"
"4096","362","_backorders","no"
"4097","362","_stock",""
"4098","362","_upsell_ids","a:0:{}"
"4099","362","_crosssell_ids","a:0:{}"
"4100","362","_product_version","2.5.2"
"4101","362","_product_image_gallery",""
"4102","362","other_item","a:1:{i:0;s:3:\"343\";}"
"4103","362","_other_item","field_56c2f5f1005e2"
"4104","362","product_images_0_product_image","363"
"4105","362","_product_images_0_product_image","field_56939c4a8cb3a"
"4106","362","product_images","2"
"4107","362","_product_images","field_568549e3ff728"
"4108","362","product_images_1_product_image","364"
"4109","362","_product_images_1_product_image","field_56939c4a8cb3a"
"4142","362","total_sales","0"
"4147","358","product_images_1_product_image","366"
"4148","358","_product_images_1_product_image","field_56939c4a8cb3a"
"4149","367","_edit_lock","1455889633:1"
"4150","367","_edit_last","1"
"4151","367","_visibility","visible"
"4152","367","_stock_status","instock"
"4153","367","_downloadable","no"
"4154","367","_virtual","no"
"4155","367","_purchase_note",""
"4156","367","_featured","no"
"4157","367","_weight",""
"4158","367","_length",""
"4159","367","_width",""
"4160","367","_height",""
"4161","367","_sku","SSB160112-Grey-White"
"4162","367","_product_attributes","a:0:{}"
"4163","367","_regular_price","59"
"4164","367","_sale_price",""
"4165","367","_sale_price_dates_from",""
"4166","367","_sale_price_dates_to",""
"4167","367","_price","59"
"4168","367","_sold_individually",""
"4169","367","_manage_stock","no"
"4170","367","_backorders","no"
"4171","367","_stock",""
"4172","367","_upsell_ids","a:0:{}"
"4173","367","_crosssell_ids","a:0:{}"
"4174","367","_product_version","2.5.2"
"4175","367","_product_image_gallery",""
"4176","367","other_item","a:1:{i:0;s:3:\"348\";}"
"4177","367","_other_item","field_56c2f5f1005e2"
"4178","367","product_images_0_product_image","368"
"4179","367","_product_images_0_product_image","field_56939c4a8cb3a"
"4180","367","product_images","2"
"4181","367","_product_images","field_568549e3ff728"
"4182","367","product_images_1_product_image","369"
"4183","367","_product_images_1_product_image","field_56939c4a8cb3a"
"4216","367","total_sales","0"
"4217","370","_edit_lock","1455815415:1"
"4218","370","_edit_last","1"
"4223","370","_visibility","visible"
"4224","370","_stock_status","instock"
"4225","370","total_sales","0"
"4226","370","_downloadable","no"
"4227","370","_virtual","no"
"4228","370","_purchase_note",""
"4229","370","_featured","no"
"4230","370","_weight",""
"4231","370","_length",""
"4232","370","_width",""
"4233","370","_height",""
"4234","370","_sku","SSB16012-Cognac"
"4235","370","_product_attributes","a:0:{}"
"4236","370","_regular_price","119"
"4237","370","_sale_price",""
"4238","370","_sale_price_dates_from",""
"4239","370","_sale_price_dates_to",""
"4240","370","_price","119"
"4241","370","_sold_individually",""
"4242","370","_manage_stock","no"
"4243","370","_backorders","no"
"4244","370","_stock",""
"4245","370","_upsell_ids","a:0:{}"
"4246","370","_crosssell_ids","a:0:{}"
"4247","370","_product_version","2.5.2"
"4248","370","_product_image_gallery",""
"4249","370","other_item",""
"4250","370","_other_item","field_56c2f5f1005e2"
"4251","370","product_images_0_product_image","371"
"4252","370","_product_images_0_product_image","field_56939c4a8cb3a"
"4253","370","product_images_1_product_image","372"
"4254","370","_product_images_1_product_image","field_56939c4a8cb3a"
"4255","370","product_images","2"
"4256","370","_product_images","field_568549e3ff728"
"4257","373","_edit_lock","1455815394:1"
"4258","373","_edit_last","1"
"4259","373","_visibility","visible"
"4260","373","_stock_status","instock"
"4261","373","_downloadable","no"
"4262","373","_virtual","no"
"4263","373","_purchase_note",""
"4264","373","_featured","no"
"4265","373","_weight",""
"4266","373","_length",""
"4267","373","_width",""
"4268","373","_height",""
"4269","373","_sku","SSB16012-White"
"4270","373","_product_attributes","a:0:{}"
"4271","373","_regular_price","119"
"4272","373","_sale_price",""
"4273","373","_sale_price_dates_from",""
"4274","373","_sale_price_dates_to",""
"4275","373","_price","119"
"4276","373","_sold_individually",""
"4277","373","_manage_stock","no"
"4278","373","_backorders","no"
"4279","373","_stock",""
"4280","373","_upsell_ids","a:0:{}"
"4281","373","_crosssell_ids","a:0:{}"
"4282","373","_product_version","2.5.2"
"4283","373","_product_image_gallery",""
"4284","373","other_item",""
"4285","373","_other_item","field_56c2f5f1005e2"
"4286","373","product_images_0_product_image","374"
"4287","373","_product_images_0_product_image","field_56939c4a8cb3a"
"4288","373","product_images_1_product_image","375"
"4289","373","_product_images_1_product_image","field_56939c4a8cb3a"
"4290","373","product_images","2"
"4291","373","_product_images","field_568549e3ff728"
"4324","373","total_sales","0"
"4325","376","_edit_lock","1455815365:1"
"4326","376","_edit_last","1"
"4327","376","_visibility","visible"
"4328","376","_stock_status","instock"
"4329","376","_downloadable","no"
"4330","376","_virtual","no"
"4331","376","_purchase_note",""
"4332","376","_featured","no"
"4333","376","_weight",""
"4334","376","_length",""
"4335","376","_width",""
"4336","376","_height",""
"4337","376","_sku","SSB160122-Grey-White"
"4338","376","_product_attributes","a:0:{}"
"4339","376","_regular_price","119"
"4340","376","_sale_price",""
"4341","376","_sale_price_dates_from",""
"4342","376","_sale_price_dates_to",""
"4343","376","_price","119"
"4344","376","_sold_individually",""
"4345","376","_manage_stock","no"
"4346","376","_backorders","no"
"4347","376","_stock",""
"4348","376","_upsell_ids","a:0:{}"
"4349","376","_crosssell_ids","a:0:{}"
"4350","376","_product_version","2.5.2"
"4351","376","_product_image_gallery",""
"4352","376","other_item",""
"4353","376","_other_item","field_56c2f5f1005e2"
"4354","376","product_images_0_product_image","377"
"4355","376","_product_images_0_product_image","field_56939c4a8cb3a"
"4356","376","product_images_1_product_image","378"
"4357","376","_product_images_1_product_image","field_56939c4a8cb3a"
"4358","376","product_images","2"
"4359","376","_product_images","field_568549e3ff728"
"4392","376","total_sales","0"
"4393","379","_edit_lock","1455815348:1"
"4394","379","_edit_last","1"
"4395","379","_visibility","visible"
"4396","379","_stock_status","instock"
"4397","379","_downloadable","no"
"4398","379","_virtual","no"
"4399","379","_purchase_note",""
"4400","379","_featured","no"
"4401","379","_weight",""
"4402","379","_length",""
"4403","379","_width",""
"4404","379","_height",""
"4405","379","_sku","SSB160122-Moonbeam-White"
"4406","379","_product_attributes","a:0:{}"
"4407","379","_regular_price","119"
"4408","379","_sale_price",""
"4409","379","_sale_price_dates_from",""
"4410","379","_sale_price_dates_to",""
"4411","379","_price","119"
"4412","379","_sold_individually",""
"4413","379","_manage_stock","no"
"4414","379","_backorders","no"
"4415","379","_stock",""
"4416","379","_upsell_ids","a:0:{}"
"4417","379","_crosssell_ids","a:0:{}"
"4418","379","_product_version","2.5.2"
"4419","379","_product_image_gallery",""
"4420","379","other_item",""
"4421","379","_other_item","field_56c2f5f1005e2"
"4422","379","product_images_0_product_image","380"
"4423","379","_product_images_0_product_image","field_56939c4a8cb3a"
"4424","379","product_images_1_product_image","381"
"4425","379","_product_images_1_product_image","field_56939c4a8cb3a"
"4426","379","product_images","2"
"4427","379","_product_images","field_568549e3ff728"
"4460","379","total_sales","0"
"4465","288","product_images_1_product_image","383"
"4466","288","_product_images_1_product_image","field_56939c4a8cb3a"
"4467","248","other_item","a:1:{i:0;s:3:\"277\";}"
"4468","248","_other_item","field_56c2f5f1005e2"
"4475","257","product_images_2_product_image","386"
"4476","257","_product_images_2_product_image","field_56939c4a8cb3a"
"4477","245","product_info","100% CO"
"4478","245","_product_info","field_56c5d4461fc57"
"4479","231","product_info","100% CO"
"4480","231","_product_info","field_56c5d4461fc57"
"4481","237","product_info","100% CO"
"4482","237","_product_info","field_56c5d4461fc57"
"4483","248","product_info","100% CO"
"4484","248","_product_info","field_56c5d4461fc57"
"4485","257","product_info","100% CO"
"4486","257","_product_info","field_56c5d4461fc57"
"4487","258","product_info","100% CO"
"4488","258","_product_info","field_56c5d4461fc57"
"4489","262","product_info","100% CO"
"4490","262","_product_info","field_56c5d4461fc57"
"4491","267","product_info","100% CO"
"4492","267","_product_info","field_56c5d4461fc57"
"4493","272","product_info","100% CO"
"4494","272","_product_info","field_56c5d4461fc57"
"4495","277","product_info","100% CO"
"4496","277","_product_info","field_56c5d4461fc57"
"4497","278","product_info","100% CO"
"4498","278","_product_info","field_56c5d4461fc57"
"4499","279","product_info","100% CO"
"4500","279","_product_info","field_56c5d4461fc57"
"4501","285","product_info","100% CO"
"4502","285","_product_info","field_56c5d4461fc57"
"4503","288","product_info","47% PES\
35% CO\
12% VI\
6% EA"
"4504","288","_product_info","field_56c5d4461fc57"
"4505","290","product_info","47% PES\
35% CO\
12% VI\
6% EA"
"4506","290","_product_info","field_56c5d4461fc57"
"4507","295","product_info","47% PES\
35% CO\
12% VI\
6% EA"
"4508","295","_product_info","field_56c5d4461fc57"
"4509","299","product_info","97% CO\
3% EA"
"4510","299","_product_info","field_56c5d4461fc57"
"4511","296","product_info","97% CO\
3% EA"
"4512","296","_product_info","field_56c5d4461fc57"
"4513","388","_edit_lock","1455884822:1"
"4514","388","_edit_last","1"
"4523","388","_visibility","visible"
"4524","388","_stock_status","instock"
"4525","388","total_sales","0"
"4526","388","_downloadable","no"
"4527","388","_virtual","no"
"4528","388","_purchase_note",""
"4529","388","_featured","no"
"4530","388","_weight",""
"4531","388","_length",""
"4532","388","_width",""
"4533","388","_height",""
"4534","388","_sku","SSB16022-Grey-White"
"4535","388","_product_attributes","a:1:{s:8:\"pa_sizes\";a:6:{s:4:\"name\";s:8:\"pa_sizes\";s:5:\"value\";s:0:\"\";s:8:\"position\";s:1:\"0\";s:10:\"is_visible\";i:1;s:12:\"is_variation\";i:1;s:11:\"is_taxonomy\";i:1;}}"
"4536","388","_regular_price",""
"4537","388","_sale_price",""
"4538","388","_sale_price_dates_from",""
"4539","388","_sale_price_dates_to",""
"4540","388","_price",""
"4541","388","_sold_individually",""
"4542","388","_manage_stock","no"
"4543","388","_backorders","no"
"4544","388","_stock",""
"4545","388","_upsell_ids","a:0:{}"
"4546","388","_crosssell_ids","a:0:{}"
"4547","388","_product_version","2.5.2"
"4548","388","_product_image_gallery",""
"4549","388","product_info","97% CO\
3% EA"
"4550","388","_product_info","field_56c5d4461fc57"
"4551","388","product_images_0_product_image","389"
"4552","388","_product_images_0_product_image","field_56939c4a8cb3a"
"4553","388","product_images_1_product_image","390"
"4554","388","_product_images_1_product_image","field_56939c4a8cb3a"
"4555","388","product_images_2_product_image","391"
"4556","388","_product_images_2_product_image","field_56939c4a8cb3a"
"4557","388","product_images_3_product_image","392"
"4558","388","_product_images_3_product_image","field_56939c4a8cb3a"
"4559","388","product_images","4"
"4560","388","_product_images","field_568549e3ff728"
"4561","388","other_item","a:1:{i:0;s:3:\"296\";}"
"4562","388","_other_item","field_56c2f5f1005e2"
"4563","393","_edit_lock","1455889433:1"
"4564","393","_edit_last","1"
"4565","393","_visibility","visible"
"4566","393","_stock_status","instock"
"4567","393","_downloadable","no"
"4568","393","_virtual","no"
"4569","393","_purchase_note",""
"4570","393","_featured","no"
"4571","393","_weight",""
"4572","393","_length",""
"4573","393","_width",""
"4574","393","_height",""
"4575","393","_sku","SSB16022-Moonbeam-White"
"4576","393","_product_attributes","a:1:{s:8:\"pa_sizes\";a:6:{s:4:\"name\";s:8:\"pa_sizes\";s:5:\"value\";s:0:\"\";s:8:\"position\";s:1:\"0\";s:10:\"is_visible\";i:1;s:12:\"is_variation\";i:1;s:11:\"is_taxonomy\";i:1;}}"
"4577","393","_regular_price",""
"4578","393","_sale_price",""
"4579","393","_sale_price_dates_from",""
"4580","393","_sale_price_dates_to",""
"4581","393","_price",""
"4582","393","_sold_individually",""
"4583","393","_manage_stock","no"
"4584","393","_backorders","no"
"4585","393","_stock",""
"4586","393","_upsell_ids","a:0:{}"
"4587","393","_crosssell_ids","a:0:{}"
"4588","393","_product_version","2.5.2"
"4589","393","_product_image_gallery",""
"4590","393","product_info","97% CO\
3% EA"
"4591","393","_product_info","field_56c5d4461fc57"
"4592","393","product_images_0_product_image","394"
"4593","393","_product_images_0_product_image","field_56939c4a8cb3a"
"4594","393","product_images_1_product_image","395"
"4595","393","_product_images_1_product_image","field_56939c4a8cb3a"
"4596","393","product_images_2_product_image","396"
"4597","393","_product_images_2_product_image","field_56939c4a8cb3a"
"4598","393","product_images_3_product_image","397"
"4599","393","_product_images_3_product_image","field_56939c4a8cb3a"
"4600","393","product_images","4"
"4601","393","_product_images","field_568549e3ff728"
"4602","393","other_item","a:1:{i:0;s:3:\"299\";}"
"4603","393","_other_item","field_56c2f5f1005e2"
"4634","393","total_sales","0"
"4635","302","product_info","47% PES\
35% CO\
12% VI\
6% EA"
"4636","302","_product_info","field_56c5d4461fc57"
"4637","305","product_info","47% PES\
35% CO\
12% VI\
6% EA"
"4638","305","_product_info","field_56c5d4461fc57"
"4639","308","product_info","97% CO\
3% EA"
"4640","308","_product_info","field_56c5d4461fc57"
"4641","313","product_info","97% CO\
3% EA"
"4642","313","_product_info","field_56c5d4461fc57"
"4643","316","product_info","47% PES\
35% CO\
12% VI\
6% EA"
"4644","316","_product_info","field_56c5d4461fc57"
"4645","322","product_info","47% PES\
35% CO\
12% VI\
6% EA"
"4646","322","_product_info","field_56c5d4461fc57"
"4647","328","product_info","97% CO\
3% EA"
"4648","328","_product_info","field_56c5d4461fc57"
"4649","333","product_info","97% CO\
3% EA"
"4650","333","_product_info","field_56c5d4461fc57"
"4651","338","product_info","47% PES\
35% CO\
12% VI\
6% EA"
"4652","338","_product_info","field_56c5d4461fc57"
"4653","343","product_info","47% PES\
35% CO\
12% VI\
6% EA"
"4654","343","_product_info","field_56c5d4461fc57"
"4655","353","product_info","47% PES\
35% CO\
12% VI\
6% EA"
"4656","353","_product_info","field_56c5d4461fc57"
"4657","348","product_info","97% CO\
3% EA"
"4658","348","_product_info","field_56c5d4461fc57"
"4659","348","product_images_4_product_image",""
"4660","348","_product_images_4_product_image","field_56939c4a8cb3a"
"4661","358","product_info","47% PES\
35% CO\
12% VI\
6% EA"
"4662","358","_product_info","field_56c5d4461fc57"
"4663","359","product_info","47% PES\
35% CO\
12% VI\
6% EA"
"4664","359","_product_info","field_56c5d4461fc57"
"4665","362","product_info","47% PES\
35% CO\
12% VI\
6% EA"
"4666","362","_product_info","field_56c5d4461fc57"
"4667","367","product_info","97% CO\
3% EA"
"4668","367","_product_info","field_56c5d4461fc57"
"4669","370","product_info","47% PES\
35% CO\
12% VI\
6% EA"
"4670","370","_product_info","field_56c5d4461fc57"
"4671","373","product_info","47% PES\
35% CO\
12% VI\
6% EA"
"4672","373","_product_info","field_56c5d4461fc57"
"4673","376","product_info","97% CO\
3% EA"
"4674","376","_product_info","field_56c5d4461fc57"
"4675","379","product_info","97% CO\
3% EA"
"4676","379","_product_info","field_56c5d4461fc57"
"4677","393","_wholesale_price","21.07"
"4678","388","_wholesale_price","21.07"
"4679","379","_wholesale_price","42"
"4680","376","_wholesale_price","42"
"4681","373","_wholesale_price","42"
"4682","370","_wholesale_price","42"
"4683","367","_wholesale_price","21.07"
"4684","362","_wholesale_price","21.07"
"4685","359","_wholesale_price","21.07"
"4686","358","_wholesale_price","21.07"
"4687","353","_wholesale_price","25"
"4688","348","_wholesale_price","25"
"4689","343","_wholesale_price","25"
"4690","338","_wholesale_price","25"
"4691","333","_wholesale_price","21.07"
"4692","328","_wholesale_price","21.07"
"4693","322","_wholesale_price","21.07"
"4694","316","_wholesale_price","21.07"
"4695","313","_wholesale_price","21.07"
"4696","308","_wholesale_price","21.07"
"4697","305","_wholesale_price","21.07"
"4698","302","_wholesale_price","21.07"
"4699","299","_wholesale_price","21.07"
"4700","296","_wholesale_price","21.07"
"4701","295","_wholesale_price","21.07"
"4702","290","_wholesale_price","21.07"
"4703","288","_wholesale_price","21.07"
"4704","285","_wholesale_price","111"
"4705","279","_wholesale_price","57.31"
"4706","278","_wholesale_price","57.31"
"4707","277","_wholesale_price","57.31"
"4708","272","_wholesale_price","90"
"4709","267","_wholesale_price","90"
"4710","262","_wholesale_price","90"
"4711","258","_wholesale_price","73"
"4712","257","_wholesale_price","73"
"4713","254","product_info",""
"4714","254","_product_info","field_56c5d4461fc57"
"4715","254","_wholesale_price","73"
"4716","248","_wholesale_price","73"
"4717","237","_wholesale_price","73"
"4718","231","_wholesale_price","73"
"4719","245","_wholesale_price","73"
"4728","393","_min_variation_price",""
"4729","393","_max_variation_price",""
"4730","393","_min_price_variation_id",""
"4731","393","_max_price_variation_id",""
"4732","393","_min_variation_regular_price",""
"4733","393","_max_variation_regular_price",""
"4734","393","_min_regular_price_variation_id",""
"4735","393","_max_regular_price_variation_id",""
"4736","393","_min_variation_sale_price",""
"4737","393","_max_variation_sale_price",""
"4738","393","_min_sale_price_variation_id",""
"4739","393","_max_sale_price_variation_id",""
"4750","388","_min_variation_price",""
"4751","388","_max_variation_price",""
"4752","388","_min_price_variation_id",""
"4753","388","_max_price_variation_id",""
"4754","388","_min_variation_regular_price",""
"4755","388","_max_variation_regular_price",""
"4756","388","_min_regular_price_variation_id",""
"4757","388","_max_regular_price_variation_id",""
"4758","388","_min_variation_sale_price",""
"4759","388","_max_variation_sale_price",""
"4760","388","_min_sale_price_variation_id",""
"4761","388","_max_sale_price_variation_id",""
