"161","1","2016-01-11 12:18:58","2016-01-11 12:18:58","","Summer Coat Blazing Yellow","","trash","open","closed","","summer-coat-blazing-yellow","","","2016-02-16 11:17:00","2016-02-16 11:17:00","1","0","http://localhost:8888/canpeprey/?post_type=product&#038;p=161","0","product","","0"
"162","1","2016-01-11 12:18:22","2016-01-11 12:18:22","","Look-152","","inherit","open","closed","","look-152","","","2016-01-11 12:18:22","2016-01-11 12:18:22","","161","http://localhost:8888/canpeprey/wp-content/uploads/2016/01/Look-152.jpg","0","attachment","image/jpeg","0"
"163","1","2016-01-11 12:18:29","2016-01-11 12:18:29","","Look-153","","inherit","open","closed","","look-153","","","2016-01-11 12:18:29","2016-01-11 12:18:29","","161","http://localhost:8888/canpeprey/wp-content/uploads/2016/01/Look-153.jpg","0","attachment","image/jpeg","0"
"164","1","2016-01-11 12:18:36","2016-01-11 12:18:36","","Look-154","","inherit","open","closed","","look-154","","","2016-01-11 12:18:36","2016-01-11 12:18:36","","161","http://localhost:8888/canpeprey/wp-content/uploads/2016/01/Look-154.jpg","0","attachment","image/jpeg","0"
"165","1","2016-01-11 12:29:15","2016-01-11 12:29:15","","Suit Jacket Moonbeam","","trash","open","closed","","suit-jacket-moonbeam","","","2016-02-16 11:17:00","2016-02-16 11:17:00","1","0","http://localhost:8888/canpeprey/?post_type=product&#038;p=165","0","product","","0"
"166","1","2016-01-11 12:28:53","2016-01-11 12:28:53","","Look-39","","inherit","open","closed","","look-39","","","2016-01-11 12:28:53","2016-01-11 12:28:53","","165","http://localhost:8888/canpeprey/wp-content/uploads/2016/01/Look-39.jpg","0","attachment","image/jpeg","0"
"167","1","2016-01-11 12:29:01","2016-01-11 12:29:01","","Look-40","","inherit","open","closed","","look-40","","","2016-01-11 12:29:01","2016-01-11 12:29:01","","165","http://localhost:8888/canpeprey/wp-content/uploads/2016/01/Look-40.jpg","0","attachment","image/jpeg","0"
"168","1","2016-01-11 12:31:00","2016-01-11 12:31:00","","Summer Coat Bitter Chocolate","","trash","open","closed","","summer-coat-bitter-chocolate","","","2016-02-16 11:17:00","2016-02-16 11:17:00","1","0","http://localhost:8888/canpeprey/?post_type=product&#038;p=168","0","product","","0"
"169","1","2016-01-11 12:30:33","2016-01-11 12:30:33","","Look-143","","inherit","open","closed","","look-143","","","2016-01-11 12:30:33","2016-01-11 12:30:33","","168","http://localhost:8888/canpeprey/wp-content/uploads/2016/01/Look-143.jpg","0","attachment","image/jpeg","0"
"170","1","2016-01-11 12:30:40","2016-01-11 12:30:40","","Look-144","","inherit","open","closed","","look-144","","","2016-01-11 12:30:40","2016-01-11 12:30:40","","168","http://localhost:8888/canpeprey/wp-content/uploads/2016/01/Look-144.jpg","0","attachment","image/jpeg","0"
"171","1","2016-01-11 12:32:08","2016-01-11 12:32:08","","Summer Coat Moonbeam","","trash","open","closed","","summer-coat-moonbeam","","","2016-02-16 11:17:00","2016-02-16 11:17:00","1","0","http://localhost:8888/canpeprey/?post_type=product&#038;p=171","0","product","","0"
"172","1","2016-01-11 12:31:34","2016-01-11 12:31:34","","Look-163","","inherit","open","closed","","look-163","","","2016-01-11 12:31:34","2016-01-11 12:31:34","","171","http://localhost:8888/canpeprey/wp-content/uploads/2016/01/Look-163.jpg","0","attachment","image/jpeg","0"
"173","1","2016-01-11 12:31:41","2016-01-11 12:31:41","","Look-164","","inherit","open","closed","","look-164","","","2016-01-11 12:31:41","2016-01-11 12:31:41","","171","http://localhost:8888/canpeprey/wp-content/uploads/2016/01/Look-164.jpg","0","attachment","image/jpeg","0"
"174","1","2016-01-11 12:31:48","2016-01-11 12:31:48","","Look-165","","inherit","open","closed","","look-165","","","2016-01-11 12:31:48","2016-01-11 12:31:48","","171","http://localhost:8888/canpeprey/wp-content/uploads/2016/01/Look-165.jpg","0","attachment","image/jpeg","0"
"175","1","2016-01-11 12:34:06","2016-01-11 12:34:06","","Summer Shorts Blazing Yellow","","trash","open","closed","","summer-shorts-blazing-yellow","","","2016-02-16 11:17:00","2016-02-16 11:17:00","1","0","http://localhost:8888/canpeprey/?post_type=product&#038;p=175","0","product","","0"
"176","1","2016-01-11 12:33:44","2016-01-11 12:33:44","","Look-161","","inherit","open","closed","","look-161","","","2016-01-11 12:33:44","2016-01-11 12:33:44","","175","http://localhost:8888/canpeprey/wp-content/uploads/2016/01/Look-161.jpg","0","attachment","image/jpeg","0"
"177","1","2016-01-11 12:33:51","2016-01-11 12:33:51","","Look-162","","inherit","open","closed","","look-162","","","2016-01-11 12:33:51","2016-01-11 12:33:51","","175","http://localhost:8888/canpeprey/wp-content/uploads/2016/01/Look-162.jpg","0","attachment","image/jpeg","0"
"178","1","2016-01-11 12:38:51","2016-01-11 12:38:51","","Summer Shorts Moonbeam","","trash","open","closed","","summer-shorts-moonbeam","","","2016-02-16 11:17:00","2016-02-16 11:17:00","1","0","http://localhost:8888/canpeprey/?post_type=product&#038;p=178","0","product","","0"
"179","1","2016-01-11 12:38:28","2016-01-11 12:38:28","","Look-150","","inherit","open","closed","","look-150","","","2016-01-11 12:38:28","2016-01-11 12:38:28","","178","http://localhost:8888/canpeprey/wp-content/uploads/2016/01/Look-150.jpg","0","attachment","image/jpeg","0"
"180","1","2016-01-11 12:38:35","2016-01-11 12:38:35","","Look-151","","inherit","open","closed","","look-151","","","2016-01-11 12:38:35","2016-01-11 12:38:35","","178","http://localhost:8888/canpeprey/wp-content/uploads/2016/01/Look-151.jpg","0","attachment","image/jpeg","0"
"181","1","2016-01-11 12:40:00","2016-01-11 12:40:00","","Summer Pants Bitter Chocolate","","trash","open","closed","","summer-pants-bitter-chocolate","","","2016-02-16 11:17:00","2016-02-16 11:17:00","1","0","http://localhost:8888/canpeprey/?post_type=product&#038;p=181","0","product","","0"
"182","1","2016-01-11 12:39:34","2016-01-11 12:39:34","","Look-158","","inherit","open","closed","","look-158","","","2016-01-11 12:39:34","2016-01-11 12:39:34","","181","http://localhost:8888/canpeprey/wp-content/uploads/2016/01/Look-158.jpg","0","attachment","image/jpeg","0"
"183","1","2016-01-11 12:39:40","2016-01-11 12:39:40","","Look-159","","inherit","open","closed","","look-159","","","2016-01-11 12:39:40","2016-01-11 12:39:40","","181","http://localhost:8888/canpeprey/wp-content/uploads/2016/01/Look-159.jpg","0","attachment","image/jpeg","0"
"184","1","2016-01-11 12:39:44","2016-01-11 12:39:44","","Look-160","","inherit","open","closed","","look-160","","","2016-01-11 12:39:44","2016-01-11 12:39:44","","181","http://localhost:8888/canpeprey/wp-content/uploads/2016/01/Look-160.jpg","0","attachment","image/jpeg","0"
"185","1","2016-01-11 12:40:52","2016-01-11 12:40:52","","Summer Pants Moonbeam","","trash","open","closed","","summer-pants-moonbeam","","","2016-02-16 11:17:00","2016-02-16 11:17:00","1","0","http://localhost:8888/canpeprey/?post_type=product&#038;p=185","0","product","","0"
"186","1","2016-01-11 12:40:38","2016-01-11 12:40:38","","Look-166","","inherit","open","closed","","look-166","","","2016-01-11 12:40:38","2016-01-11 12:40:38","","185","http://localhost:8888/canpeprey/wp-content/uploads/2016/01/Look-166.jpg","0","attachment","image/jpeg","0"
"187","1","2016-01-11 12:40:42","2016-01-11 12:40:42","","Look-167","","inherit","open","closed","","look-167","","","2016-01-11 12:40:42","2016-01-11 12:40:42","","185","http://localhost:8888/canpeprey/wp-content/uploads/2016/01/Look-167.jpg","0","attachment","image/jpeg","0"
"198","1","2016-01-15 16:12:15","2016-01-15 16:12:15","","Summer Jacket Bitter Chocolate","","trash","open","closed","","summer-jacket-bitter-chocolate","","","2016-02-16 11:17:00","2016-02-16 11:17:00","1","0","http://localhost:8888/canpeprey/?post_type=product&#038;p=198","0","product","","0"
"199","1","2016-01-15 16:11:46","2016-01-15 16:11:46","","Look-155","","inherit","open","closed","","look-155","","","2016-01-15 16:11:46","2016-01-15 16:11:46","","198","http://localhost:8888/canpeprey/wp-content/uploads/2016/01/Look-155.jpg","0","attachment","image/jpeg","0"
"200","1","2016-01-15 16:11:53","2016-01-15 16:11:53","","Look-156","","inherit","open","closed","","look-156","","","2016-01-15 16:11:53","2016-01-15 16:11:53","","198","http://localhost:8888/canpeprey/wp-content/uploads/2016/01/Look-156.jpg","0","attachment","image/jpeg","0"
"201","1","2016-01-15 16:11:59","2016-01-15 16:11:59","","Look-157","","inherit","open","closed","","look-157","","","2016-01-15 16:11:59","2016-01-15 16:11:59","","198","http://localhost:8888/canpeprey/wp-content/uploads/2016/01/Look-157.jpg","0","attachment","image/jpeg","0"
"202","1","2016-01-15 16:13:48","2016-01-15 16:13:48","","Jumpsuit L/S","","trash","open","closed","","jumpsuit-ls","","","2016-02-16 11:17:00","2016-02-16 11:17:00","1","0","http://localhost:8888/canpeprey/?post_type=product&#038;p=202","0","product","","0"
"203","1","2016-01-15 16:13:15","2016-01-15 16:13:15","","Look-136","","inherit","open","closed","","look-136","","","2016-01-15 16:13:15","2016-01-15 16:13:15","","202","http://localhost:8888/canpeprey/wp-content/uploads/2016/01/Look-136.jpg","0","attachment","image/jpeg","0"
"204","1","2016-01-15 16:13:22","2016-01-15 16:13:22","","Look-137","","inherit","open","closed","","look-137","","","2016-01-15 16:13:22","2016-01-15 16:13:22","","202","http://localhost:8888/canpeprey/wp-content/uploads/2016/01/Look-137.jpg","0","attachment","image/jpeg","0"
"205","1","2016-01-15 16:13:29","2016-01-15 16:13:29","","Look-138","","inherit","open","closed","","look-138","","","2016-01-15 16:13:29","2016-01-15 16:13:29","","202","http://localhost:8888/canpeprey/wp-content/uploads/2016/01/Look-138.jpg","0","attachment","image/jpeg","0"
"206","1","2016-01-15 16:15:02","2016-01-15 16:15:02","","Mini Jumpsuit","","trash","open","closed","","mini-jumpsuit","","","2016-02-16 11:17:16","2016-02-16 11:17:16","1","0","http://localhost:8888/canpeprey/?post_type=product&#038;p=206","0","product","","0"
"207","1","2016-01-15 16:14:30","2016-01-15 16:14:30","","Look-174","","inherit","open","closed","","look-174","","","2016-01-15 16:14:30","2016-01-15 16:14:30","","206","http://localhost:8888/canpeprey/wp-content/uploads/2016/01/Look-174.jpg","0","attachment","image/jpeg","0"
"208","1","2016-01-15 16:14:38","2016-01-15 16:14:38","","Look-175","","inherit","open","closed","","look-175","","","2016-01-15 16:14:38","2016-01-15 16:14:38","","206","http://localhost:8888/canpeprey/wp-content/uploads/2016/01/Look-175.jpg","0","attachment","image/jpeg","0"
"209","1","2016-01-15 16:14:45","2016-01-15 16:14:45","","Look-176","","inherit","open","closed","","look-176","","","2016-01-15 16:14:45","2016-01-15 16:14:45","","206","http://localhost:8888/canpeprey/wp-content/uploads/2016/01/Look-176.jpg","0","attachment","image/jpeg","0"
"210","1","2016-01-15 16:16:18","2016-01-15 16:16:18","","Mom Pants","","trash","open","closed","","mom-pants","","","2016-02-16 11:17:16","2016-02-16 11:17:16","1","0","http://localhost:8888/canpeprey/?post_type=product&#038;p=210","0","product","","0"
"211","1","2016-01-15 16:15:47","2016-01-15 16:15:47","","Look-139","","inherit","open","closed","","look-139","","","2016-01-15 16:15:47","2016-01-15 16:15:47","","210","http://localhost:8888/canpeprey/wp-content/uploads/2016/01/Look-139.jpg","0","attachment","image/jpeg","0"
"212","1","2016-01-15 16:15:54","2016-01-15 16:15:54","","Look-140","","inherit","open","closed","","look-140","","","2016-01-15 16:15:54","2016-01-15 16:15:54","","210","http://localhost:8888/canpeprey/wp-content/uploads/2016/01/Look-140.jpg","0","attachment","image/jpeg","0"
"213","1","2016-01-15 16:16:00","2016-01-15 16:16:00","","Look-145","","inherit","open","closed","","look-145","","","2016-01-15 16:16:00","2016-01-15 16:16:00","","210","http://localhost:8888/canpeprey/wp-content/uploads/2016/01/Look-145.jpg","0","attachment","image/jpeg","0"
"214","1","2016-01-15 16:16:04","2016-01-15 16:16:04","","Look-146","","inherit","open","closed","","look-146","","","2016-01-15 16:16:04","2016-01-15 16:16:04","","210","http://localhost:8888/canpeprey/wp-content/uploads/2016/01/Look-146.jpg","0","attachment","image/jpeg","0"
"215","1","2016-01-15 16:17:42","2016-01-15 16:17:42","","Midi Dress Moonbeam","","trash","open","closed","","midi-dress-moonbeam","","","2016-02-16 11:17:15","2016-02-16 11:17:15","1","0","http://localhost:8888/canpeprey/?post_type=product&#038;p=215","0","product","","0"
"216","1","2016-01-15 16:17:10","2016-01-15 16:17:10","","Look-171","","inherit","open","closed","","look-171","","","2016-01-15 16:17:10","2016-01-15 16:17:10","","215","http://localhost:8888/canpeprey/wp-content/uploads/2016/01/Look-171.jpg","0","attachment","image/jpeg","0"
"217","1","2016-01-15 16:17:18","2016-01-15 16:17:18","","Look-172","","inherit","open","closed","","look-172","","","2016-01-15 16:17:18","2016-01-15 16:17:18","","215","http://localhost:8888/canpeprey/wp-content/uploads/2016/01/Look-172.jpg","0","attachment","image/jpeg","0"
"218","1","2016-01-15 16:17:25","2016-01-15 16:17:25","","Look-173","","inherit","open","closed","","look-173","","","2016-01-15 16:17:25","2016-01-15 16:17:25","","215","http://localhost:8888/canpeprey/wp-content/uploads/2016/01/Look-173.jpg","0","attachment","image/jpeg","0"
"219","1","2016-01-15 16:18:55","2016-01-15 16:18:55","","Midi Dress Navy","","trash","open","closed","","midi-dress-navy","","","2016-02-16 11:16:32","2016-02-16 11:16:32","1","0","http://localhost:8888/canpeprey/?post_type=product&#038;p=219","0","product","","0"
"220","1","2016-01-15 16:18:22","2016-01-15 16:18:22","","Look-168","","inherit","open","closed","","look-168","","","2016-01-15 16:18:22","2016-01-15 16:18:22","","219","http://localhost:8888/canpeprey/wp-content/uploads/2016/01/Look-168.jpg","0","attachment","image/jpeg","0"
"221","1","2016-01-15 16:18:29","2016-01-15 16:18:29","","Look-169","","inherit","open","closed","","look-169","","","2016-01-15 16:18:29","2016-01-15 16:18:29","","219","http://localhost:8888/canpeprey/wp-content/uploads/2016/01/Look-169.jpg","0","attachment","image/jpeg","0"
"222","1","2016-01-15 16:18:37","2016-01-15 16:18:37","","Look-170","","inherit","open","closed","","look-170","","","2016-01-15 16:18:37","2016-01-15 16:18:37","","219","http://localhost:8888/canpeprey/wp-content/uploads/2016/01/Look-170.jpg","0","attachment","image/jpeg","0"
"223","1","2016-01-15 16:21:45","2016-01-15 16:21:45","","Long Dress","","trash","open","closed","","long-dress","","","2016-02-16 11:16:32","2016-02-16 11:16:32","1","0","http://localhost:8888/canpeprey/?post_type=product&#038;p=223","0","product","","0"
"224","1","2016-01-15 16:21:05","2016-01-15 16:21:05","","Look-133","","inherit","open","closed","","look-133","","","2016-01-15 16:21:05","2016-01-15 16:21:05","","223","http://localhost:8888/canpeprey/wp-content/uploads/2016/01/Look-133.jpg","0","attachment","image/jpeg","0"
"225","1","2016-01-15 16:21:12","2016-01-15 16:21:12","","Look-134","","inherit","open","closed","","look-134","","","2016-01-15 16:21:12","2016-01-15 16:21:12","","223","http://localhost:8888/canpeprey/wp-content/uploads/2016/01/Look-134.jpg","0","attachment","image/jpeg","0"
"226","1","2016-01-15 16:21:19","2016-01-15 16:21:19","","Look-135","","inherit","open","closed","","look-135","","","2016-01-15 16:21:19","2016-01-15 16:21:19","","223","http://localhost:8888/canpeprey/wp-content/uploads/2016/01/Look-135.jpg","0","attachment","image/jpeg","0"
"227","1","2016-01-15 16:23:22","2016-01-15 16:23:22","","Suit Pants Moonbeam","","trash","open","closed","","suit-pants-moonbeam","","","2016-02-16 11:16:32","2016-02-16 11:16:32","1","0","http://localhost:8888/canpeprey/?post_type=product&#038;p=227","0","product","","0"
"228","1","2016-01-15 16:22:45","2016-01-15 16:22:45","","Look-44","","inherit","open","closed","","look-44","","","2016-01-15 16:22:45","2016-01-15 16:22:45","","227","http://localhost:8888/canpeprey/wp-content/uploads/2016/01/Look-44.jpg","0","attachment","image/jpeg","0"
"229","1","2016-01-15 16:22:50","2016-01-15 16:22:50","","Look-45","","inherit","open","closed","","look-45","","","2016-01-15 16:22:50","2016-01-15 16:22:50","","227","http://localhost:8888/canpeprey/wp-content/uploads/2016/01/Look-45.jpg","0","attachment","image/jpeg","0"
"230","1","2016-01-15 16:22:56","2016-01-15 16:22:56","","Look-46","","inherit","open","closed","","look-46","","","2016-01-15 16:22:56","2016-01-15 16:22:56","","227","http://localhost:8888/canpeprey/wp-content/uploads/2016/01/Look-46.jpg","0","attachment","image/jpeg","0"
"231","1","2016-01-15 16:25:10","2016-01-15 16:25:10","","Oversized S/S Orange","","publish","open","closed","","oversized-ss-orange","","","2016-02-18 17:26:17","2016-02-18 17:26:17","1","0","http://localhost:8888/canpeprey/?post_type=product&#038;p=231","0","product","","0"
"232","1","2016-01-15 16:24:16","2016-01-15 16:24:16","","Look-19","","inherit","open","closed","","look-19","","","2016-01-15 16:24:16","2016-01-15 16:24:16","","231","http://localhost:8888/canpeprey/wp-content/uploads/2016/01/Look-19.jpg","0","attachment","image/jpeg","0"
"233","1","2016-01-15 16:24:23","2016-01-15 16:24:23","","Look-20","","inherit","open","closed","","look-20","","","2016-01-15 16:24:23","2016-01-15 16:24:23","","231","http://localhost:8888/canpeprey/wp-content/uploads/2016/01/Look-20.jpg","0","attachment","image/jpeg","0"
"234","1","2016-01-15 16:24:31","2016-01-15 16:24:31","","Look-21","","inherit","open","closed","","look-21","","","2016-01-15 16:24:31","2016-01-15 16:24:31","","231","http://localhost:8888/canpeprey/wp-content/uploads/2016/01/Look-21.jpg","0","attachment","image/jpeg","0"
"235","1","2016-01-15 16:24:40","2016-01-15 16:24:40","","Look-22","","inherit","open","closed","","look-22","","","2016-01-15 16:24:40","2016-01-15 16:24:40","","231","http://localhost:8888/canpeprey/wp-content/uploads/2016/01/Look-22.jpg","0","attachment","image/jpeg","0"
"236","1","2016-01-15 16:24:45","2016-01-15 16:24:45","","Look-23","","inherit","open","closed","","look-23","","","2016-01-15 16:24:45","2016-01-15 16:24:45","","231","http://localhost:8888/canpeprey/wp-content/uploads/2016/01/Look-23.jpg","0","attachment","image/jpeg","0"
"237","1","2016-01-15 16:48:37","2016-01-15 16:48:37","","Oversized Tank Orange","","publish","open","closed","","oversized-tank-orange","","","2016-02-18 17:25:57","2016-02-18 17:25:57","1","0","http://localhost:8888/canpeprey/?post_type=product&#038;p=237","0","product","","0"
"238","1","2016-01-15 16:48:18","2016-01-15 16:48:18","","Look-24","","inherit","open","closed","","look-24","","","2016-01-15 16:48:18","2016-01-15 16:48:18","","237","http://localhost:8888/canpeprey/wp-content/uploads/2016/01/Look-24.jpg","0","attachment","image/jpeg","0"
"239","1","2016-01-15 16:48:25","2016-01-15 16:48:25","","Look-27","","inherit","open","closed","","look-27","","","2016-01-15 16:48:25","2016-01-15 16:48:25","","237","http://localhost:8888/canpeprey/wp-content/uploads/2016/01/Look-27.jpg","0","attachment","image/jpeg","0"
"245","1","2016-01-10 16:32:25","2016-01-10 16:32:25","","Sweater Orange","","publish","open","closed","","sweater-orange","","","2016-02-18 17:26:35","2016-02-18 17:26:35","1","0","http://localhost:8888/canpeprey/?post_type=product&#038;p=245","0","product","","0"
"246","1","2016-02-15 16:32:03","2016-02-15 16:32:03","","Look-25","","inherit","open","closed","","look-25","","","2016-02-15 16:32:03","2016-02-15 16:32:03","","245","http://localhost:8888/canpeprey/wp-content/uploads/2016/02/Look-25.jpg","0","attachment","image/jpeg","0"
"247","1","2016-02-15 16:32:11","2016-02-15 16:32:11","","Look-26","","inherit","open","closed","","look-26","","","2016-02-15 16:32:11","2016-02-15 16:32:11","","245","http://localhost:8888/canpeprey/wp-content/uploads/2016/02/Look-26.jpg","0","attachment","image/jpeg","0"
"248","1","2016-02-15 16:35:45","2016-02-15 16:35:45","","Sweater Whisper White","","publish","open","closed","","sweater-whisper-white","","","2016-02-18 17:25:37","2016-02-18 17:25:37","1","0","http://localhost:8888/canpeprey/?post_type=product&#038;p=248","0","product","","0"
"249","1","2016-02-15 16:34:13","2016-02-15 16:34:13","","Look-9","","inherit","open","closed","","look-9","","","2016-02-15 16:34:13","2016-02-15 16:34:13","","248","http://localhost:8888/canpeprey/wp-content/uploads/2016/02/Look-9.jpg","0","attachment","image/jpeg","0"
"250","1","2016-02-15 16:34:22","2016-02-15 16:34:22","","Look-10","","inherit","open","closed","","look-10","","","2016-02-15 16:34:22","2016-02-15 16:34:22","","248","http://localhost:8888/canpeprey/wp-content/uploads/2016/02/Look-10.jpg","0","attachment","image/jpeg","0"
"254","1","2016-02-16 10:18:09","2016-02-16 10:18:09","","Sweater Navy","","publish","open","closed","","sweater-navy","","","2016-02-18 17:25:17","2016-02-18 17:25:17","1","0","http://localhost:8888/canpeprey/shop/sweater-navy/","0","product","","0"
"255","1","2016-02-16 10:18:46","2016-02-16 10:18:46","","Look-17","","inherit","open","closed","","look-17","","","2016-02-16 10:18:46","2016-02-16 10:18:46","","254","http://localhost:8888/canpeprey/wp-content/uploads/2016/02/Look-17.jpg","0","attachment","image/jpeg","0"
"256","1","2016-02-16 10:19:06","2016-02-16 10:19:06","","Look-18","","inherit","open","closed","","look-18","","","2016-02-16 10:19:06","2016-02-16 10:19:06","","254","http://localhost:8888/canpeprey/wp-content/uploads/2016/02/Look-18.jpg","0","attachment","image/jpeg","0"
"257","1","2016-02-16 10:25:16","2016-02-16 10:25:16","","Oversized Tank Navy","","publish","open","closed","","oversized-tank-navy","","","2016-02-18 17:24:59","2016-02-18 17:24:59","1","0","http://localhost:8888/canpeprey/shop/oversized-tank-navy/","0","product","","0"
"258","1","2016-02-16 10:26:32","2016-02-16 10:26:32","","Oversized Tank Whisper White","","publish","open","closed","","oversized-tank-whisper-white","","","2016-02-18 17:24:39","2016-02-18 17:24:39","1","0","http://localhost:8888/canpeprey/shop/oversized-tank-whisper-white/","0","product","","0"
"259","1","2016-02-16 10:27:05","2016-02-16 10:27:05","","Look-41","","inherit","open","closed","","look-41","","","2016-02-16 10:27:05","2016-02-16 10:27:05","","258","http://localhost:8888/canpeprey/wp-content/uploads/2016/02/Look-41.jpg","0","attachment","image/jpeg","0"
"260","1","2016-02-16 10:27:14","2016-02-16 10:27:14","","Look-42","","inherit","open","closed","","look-42","","","2016-02-16 10:27:14","2016-02-16 10:27:14","","258","http://localhost:8888/canpeprey/wp-content/uploads/2016/02/Look-42.jpg","0","attachment","image/jpeg","0"
"261","1","2016-02-16 10:27:22","2016-02-16 10:27:22","","Look-43","","inherit","open","closed","","look-43","","","2016-02-16 10:27:22","2016-02-16 10:27:22","","258","http://localhost:8888/canpeprey/wp-content/uploads/2016/02/Look-43.jpg","0","attachment","image/jpeg","0"
"262","1","2016-02-16 10:29:36","2016-02-16 10:29:36","","Jogging Pants Navy","","publish","open","closed","","jogging-pants-navy","","","2016-02-18 17:24:18","2016-02-18 17:24:18","1","0","http://localhost:8888/canpeprey/?post_type=product&#038;p=262","0","product","","0"
"263","1","2016-02-16 10:29:13","2016-02-16 10:29:13","","Look-7","","inherit","open","closed","","look-7","","","2016-02-16 10:29:13","2016-02-16 10:29:13","","262","http://localhost:8888/canpeprey/wp-content/uploads/2016/02/Look-7.jpg","0","attachment","image/jpeg","0"
"264","1","2016-02-16 10:29:23","2016-02-16 10:29:23","","Look-8","","inherit","open","closed","","look-8","","","2016-02-16 10:29:23","2016-02-16 10:29:23","","262","http://localhost:8888/canpeprey/wp-content/uploads/2016/02/Look-8.jpg","0","attachment","image/jpeg","0"
"265","1","2016-02-16 10:30:30","2016-02-16 10:30:30","","Look-4","","inherit","open","closed","","look-4","","","2016-02-16 10:30:30","2016-02-16 10:30:30","","262","http://localhost:8888/canpeprey/wp-content/uploads/2016/02/Look-4.jpg","0","attachment","image/jpeg","0"
"266","1","2016-02-16 10:30:37","2016-02-16 10:30:37","","Look-5","","inherit","open","closed","","look-5","","","2016-02-16 10:30:37","2016-02-16 10:30:37","","262","http://localhost:8888/canpeprey/wp-content/uploads/2016/02/Look-5.jpg","0","attachment","image/jpeg","0"
"267","1","2016-02-16 10:31:27","2016-02-16 10:31:27","","Jogging Pants Orange","","publish","open","closed","","jogging-pants-orange","","","2016-02-18 17:23:51","2016-02-18 17:23:51","1","0","http://localhost:8888/canpeprey/shop/jogging-pants-orange/","0","product","","0"
"268","1","2016-02-16 10:32:00","2016-02-16 10:32:00","","Look-24","","inherit","open","closed","","look-24-2","","","2016-02-16 10:32:00","2016-02-16 10:32:00","","267","http://localhost:8888/canpeprey/wp-content/uploads/2016/02/Look-24.jpg","0","attachment","image/jpeg","0"
"269","1","2016-02-16 10:32:08","2016-02-16 10:32:08","","Look-27","","inherit","open","closed","","look-27-2","","","2016-02-16 10:32:08","2016-02-16 10:32:08","","267","http://localhost:8888/canpeprey/wp-content/uploads/2016/02/Look-27.jpg","0","attachment","image/jpeg","0"
"270","1","2016-02-16 10:32:16","2016-02-16 10:32:16","","Look-28","","inherit","open","closed","","look-28","","","2016-02-16 10:32:16","2016-02-16 10:32:16","","267","http://localhost:8888/canpeprey/wp-content/uploads/2016/02/Look-28.jpg","0","attachment","image/jpeg","0"
"271","1","2016-02-16 10:32:25","2016-02-16 10:32:25","","Look-29","","inherit","open","closed","","look-29","","","2016-02-16 10:32:25","2016-02-16 10:32:25","","267","http://localhost:8888/canpeprey/wp-content/uploads/2016/02/Look-29.jpg","0","attachment","image/jpeg","0"
"272","1","2016-02-16 10:36:06","2016-02-16 10:36:06","","Jogging Pants Whisper White","","publish","open","closed","","jogging-pants-whisper-white","","","2016-02-18 17:23:31","2016-02-18 17:23:31","1","0","http://localhost:8888/canpeprey/shop/jogging-pants-whisper-white/","0","product","","0"
"273","1","2016-02-16 10:36:48","2016-02-16 10:36:48","","Look-41","","inherit","open","closed","","look-41-2","","","2016-02-16 10:36:48","2016-02-16 10:36:48","","272","http://localhost:8888/canpeprey/wp-content/uploads/2016/02/Look-411.jpg","0","attachment","image/jpeg","0"
"274","1","2016-02-16 10:36:56","2016-02-16 10:36:56","","Look-42","","inherit","open","closed","","look-42-2","","","2016-02-16 10:36:56","2016-02-16 10:36:56","","272","http://localhost:8888/canpeprey/wp-content/uploads/2016/02/Look-421.jpg","0","attachment","image/jpeg","0"
"275","1","2016-02-16 10:37:04","2016-02-16 10:37:04","","Look-34","","inherit","open","closed","","look-34","","","2016-02-16 10:37:04","2016-02-16 10:37:04","","272","http://localhost:8888/canpeprey/wp-content/uploads/2016/02/Look-34.jpg","0","attachment","image/jpeg","0"
"276","1","2016-02-16 10:37:09","2016-02-16 10:37:09","","Look-35","","inherit","open","closed","","look-35","","","2016-02-16 10:37:09","2016-02-16 10:37:09","","272","http://localhost:8888/canpeprey/wp-content/uploads/2016/02/Look-35.jpg","0","attachment","image/jpeg","0"
"277","1","2016-02-16 10:49:25","2016-02-16 10:49:25","","Jogging Shorts Whisper White","","publish","open","closed","","jogging-shorts-whisper-white","","","2016-02-18 17:22:39","2016-02-18 17:22:39","1","0","http://localhost:8888/canpeprey/?post_type=product&#038;p=277","0","product","","0"
"278","1","2016-02-16 10:50:02","2016-02-16 10:50:02","","Jogging Shorts Navy","","publish","open","closed","","jogging-shorts-navy","","","2016-02-18 17:22:18","2016-02-18 17:22:18","1","0","http://localhost:8888/canpeprey/shop/jogging-shorts-navy/","0","product","","0"
"279","1","2016-02-16 10:50:47","2016-02-16 10:50:47","","Jogging Shorts Orange","","publish","open","closed","","jogging-shorts-orange","","","2016-02-18 17:21:56","2016-02-18 17:21:56","1","0","http://localhost:8888/canpeprey/shop/jogging-shorts-orange/","0","product","","0"
"280","1","2016-02-16 10:52:00","2016-02-16 10:52:00","","Look-1 Kopie","","inherit","open","closed","","look-1-kopie","","","2016-02-16 10:52:00","2016-02-16 10:52:00","","278","http://localhost:8888/canpeprey/wp-content/uploads/2016/02/Look-1-Kopie.jpg","0","attachment","image/jpeg","0"
"281","1","2016-02-16 10:52:08","2016-02-16 10:52:08","","Look-2","","inherit","open","closed","","look-2","","","2016-02-16 10:52:08","2016-02-16 10:52:08","","278","http://localhost:8888/canpeprey/wp-content/uploads/2016/02/Look-2.jpg","0","attachment","image/jpeg","0"
"282","1","2016-02-16 10:52:17","2016-02-16 10:52:17","","Look-3","","inherit","open","closed","","look-3","","","2016-02-16 10:52:17","2016-02-16 10:52:17","","278","http://localhost:8888/canpeprey/wp-content/uploads/2016/02/Look-3.jpg","0","attachment","image/jpeg","0"
"283","1","2016-02-16 10:54:14","2016-02-16 10:54:14","","Look-12","","inherit","open","closed","","look-12","","","2016-02-16 10:54:14","2016-02-16 10:54:14","","277","http://localhost:8888/canpeprey/wp-content/uploads/2016/02/Look-12.jpg","0","attachment","image/jpeg","0"
"284","1","2016-02-16 10:54:26","2016-02-16 10:54:26","","Look-11","","inherit","open","closed","","look-11","","","2016-02-16 10:54:26","2016-02-16 10:54:26","","277","http://localhost:8888/canpeprey/wp-content/uploads/2016/02/Look-11.jpg","0","attachment","image/jpeg","0"
"285","1","2016-02-16 10:59:58","2016-02-16 10:59:58","","Oversized Dress Orange","","publish","open","closed","","oversized-dress-orange","","","2016-02-18 17:21:34","2016-02-18 17:21:34","1","0","http://localhost:8888/canpeprey/?post_type=product&#038;p=285","0","product","","0"
"286","1","2016-02-16 10:59:37","2016-02-16 10:59:37","","Look-30","","inherit","open","closed","","look-30","","","2016-02-16 10:59:37","2016-02-16 10:59:37","","285","http://localhost:8888/canpeprey/wp-content/uploads/2016/02/Look-30.jpg","0","attachment","image/jpeg","0"
"287","1","2016-02-16 10:59:43","2016-02-16 10:59:43","","Look-31","","inherit","open","closed","","look-31","","","2016-02-16 10:59:43","2016-02-16 10:59:43","","285","http://localhost:8888/canpeprey/wp-content/uploads/2016/02/Look-31.jpg","0","attachment","image/jpeg","0"
"288","1","2016-02-16 11:02:03","2016-02-16 11:02:03","","Cropped Tank Top Anthracite","","publish","open","closed","","cropped-tank-top-anthracite","","","2016-02-18 17:21:14","2016-02-18 17:21:14","1","0","http://localhost:8888/canpeprey/?post_type=product&#038;p=288","0","product","","0"
"289","1","2016-02-16 11:03:16","2016-02-16 11:03:16","","Cropped Tank Top Anthracite","","inherit","closed","closed","","288-autosave-v1","","","2016-02-16 11:03:16","2016-02-16 11:03:16","","288","http://localhost:8888/canpeprey/288-autosave-v1/","0","revision","","0"
"290","1","2016-02-16 11:05:27","2016-02-16 11:05:27","","Cropped Tank Top Whisper White","","publish","open","closed","","cropped-tank-top-whisper-white","","","2016-02-18 17:20:51","2016-02-18 17:20:51","1","0","http://localhost:8888/canpeprey/shop/cropped-tank-top-whisper-white/","0","product","","0"
"291","1","2016-02-16 11:05:57","2016-02-16 11:05:57","","Look-106","","inherit","open","closed","","look-106","","","2016-02-16 11:05:57","2016-02-16 11:05:57","","290","http://localhost:8888/canpeprey/wp-content/uploads/2016/02/Look-106.jpg","0","attachment","image/jpeg","0"
"292","1","2016-02-16 11:06:04","2016-02-16 11:06:04","","Look-107","","inherit","open","closed","","look-107","","","2016-02-16 11:06:04","2016-02-16 11:06:04","","290","http://localhost:8888/canpeprey/wp-content/uploads/2016/02/Look-107.jpg","0","attachment","image/jpeg","0"
"293","1","2016-02-16 11:07:33","2016-02-16 11:07:33","","Look-111","","inherit","open","closed","","look-111","","","2016-02-16 11:07:33","2016-02-16 11:07:33","","290","http://localhost:8888/canpeprey/wp-content/uploads/2016/02/Look-111.jpg","0","attachment","image/jpeg","0"
"294","1","2016-02-16 11:07:43","2016-02-16 11:07:43","","Look-112","","inherit","open","closed","","look-112","","","2016-02-16 11:07:43","2016-02-16 11:07:43","","290","http://localhost:8888/canpeprey/wp-content/uploads/2016/02/Look-112.jpg","0","attachment","image/jpeg","0"
"295","1","2016-02-16 11:08:07","2016-02-16 11:08:07","","Cropped Tank Top Cognac","","publish","open","closed","","cropped-tank-top-cognac","","","2016-02-18 17:20:26","2016-02-18 17:20:26","1","0","http://localhost:8888/canpeprey/shop/cropped-tank-top-cognac/","0","product","","0"
"296","1","2016-02-16 11:22:52","2016-02-16 11:22:52","","Cropped Tank Top Grey/White","","publish","open","closed","","cropped-tank-top-greywhite","","","2016-02-18 17:20:07","2016-02-18 17:20:07","1","0","http://localhost:8888/canpeprey/shop/cropped-tank-top-greywhite/","0","product","","0"
"297","1","2016-02-16 11:23:47","2016-02-16 11:23:47","","Look-123","","inherit","open","closed","","look-123","","","2016-02-16 11:23:47","2016-02-16 11:23:47","","296","http://localhost:8888/canpeprey/wp-content/uploads/2016/02/Look-123.jpg","0","attachment","image/jpeg","0"
"298","1","2016-02-16 11:23:54","2016-02-16 11:23:54","","Look-124","","inherit","open","closed","","look-124","","","2016-02-16 11:23:54","2016-02-16 11:23:54","","296","http://localhost:8888/canpeprey/wp-content/uploads/2016/02/Look-124.jpg","0","attachment","image/jpeg","0"
"299","1","2016-02-16 11:25:59","2016-02-16 11:25:59","","Cropped Tank Top Moonbeam/White","","publish","open","closed","","cropped-tank-top-moonbeamwhite","","","2016-02-18 17:19:05","2016-02-18 17:19:05","1","0","http://localhost:8888/canpeprey/shop/cropped-tank-top-moonbeamwhite-copy/","0","product","","0"
"300","1","2016-02-16 11:26:29","2016-02-16 11:26:29","","Look-49","","inherit","open","closed","","look-49","","","2016-02-16 11:26:29","2016-02-16 11:26:29","","299","http://localhost:8888/canpeprey/wp-content/uploads/2016/02/Look-49.jpg","0","attachment","image/jpeg","0"
"301","1","2016-02-16 11:26:36","2016-02-16 11:26:36","","Look-50","","inherit","open","closed","","look-50","","","2016-02-16 11:26:36","2016-02-16 11:26:36","","299","http://localhost:8888/canpeprey/wp-content/uploads/2016/02/Look-50.jpg","0","attachment","image/jpeg","0"
"302","1","2016-02-16 11:30:25","2016-02-16 11:30:25","","Tank Top Cognac","","publish","open","closed","","tank-top-cognac","","","2016-02-18 17:18:43","2016-02-18 17:18:43","1","0","http://localhost:8888/canpeprey/?post_type=product&#038;p=302","0","product","","0"
"303","1","2016-02-16 11:30:00","2016-02-16 11:30:00","","Look-102","","inherit","open","closed","","look-102","","","2016-02-16 11:30:00","2016-02-16 11:30:00","","302","http://localhost:8888/canpeprey/wp-content/uploads/2016/02/Look-102.jpg","0","attachment","image/jpeg","0"
"304","1","2016-02-16 11:30:08","2016-02-16 11:30:08","","Look-103","","inherit","open","closed","","look-103","","","2016-02-16 11:30:08","2016-02-16 11:30:08","","302","http://localhost:8888/canpeprey/wp-content/uploads/2016/02/Look-103.jpg","0","attachment","image/jpeg","0"
"305","1","2016-02-16 11:30:35","2016-02-16 11:30:35","","Tank Top Whisper White","","publish","open","closed","","tank-top-whisper-white","","","2016-02-18 17:18:17","2016-02-18 17:18:17","1","0","http://localhost:8888/canpeprey/shop/tank-top-whisper-white/","0","product","","0"
"306","1","2016-02-16 11:31:05","2016-02-16 11:31:05","","Look-81","","inherit","open","closed","","look-81","","","2016-02-16 11:31:05","2016-02-16 11:31:05","","305","http://localhost:8888/canpeprey/wp-content/uploads/2016/02/Look-81.jpg","0","attachment","image/jpeg","0"
"307","1","2016-02-16 11:31:13","2016-02-16 11:31:13","","Look-82","","inherit","open","closed","","look-82","","","2016-02-16 11:31:13","2016-02-16 11:31:13","","305","http://localhost:8888/canpeprey/wp-content/uploads/2016/02/Look-82.jpg","0","attachment","image/jpeg","0"
"308","1","2016-02-16 11:31:56","2016-02-16 11:31:56","","Tank Top Grey/White","","publish","open","closed","","tank-top-greywhite","","","2016-02-18 17:17:55","2016-02-18 17:17:55","1","0","http://localhost:8888/canpeprey/shop/tank-top-greywhite/","0","product","","0"
"309","1","2016-02-16 11:32:38","2016-02-16 11:32:38","","Look-69","","inherit","open","closed","","look-69","","","2016-02-16 11:32:38","2016-02-16 11:32:38","","308","http://localhost:8888/canpeprey/wp-content/uploads/2016/02/Look-69.jpg","0","attachment","image/jpeg","0"
"310","1","2016-02-16 11:32:46","2016-02-16 11:32:46","","Look-70","","inherit","open","closed","","look-70","","","2016-02-16 11:32:46","2016-02-16 11:32:46","","308","http://localhost:8888/canpeprey/wp-content/uploads/2016/02/Look-70.jpg","0","attachment","image/jpeg","0"
"311","1","2016-02-16 11:32:53","2016-02-16 11:32:53","","Look-71","","inherit","open","closed","","look-71","","","2016-02-16 11:32:53","2016-02-16 11:32:53","","308","http://localhost:8888/canpeprey/wp-content/uploads/2016/02/Look-71.jpg","0","attachment","image/jpeg","0"
"312","1","2016-02-16 11:33:01","2016-02-16 11:33:01","","Look-72","","inherit","open","closed","","look-72","","","2016-02-16 11:33:01","2016-02-16 11:33:01","","308","http://localhost:8888/canpeprey/wp-content/uploads/2016/02/Look-72.jpg","0","attachment","image/jpeg","0"
"313","1","2016-02-16 11:34:04","2016-02-16 11:34:04","","Tank Top Moonbeam/White","","publish","open","closed","","tank-top-moonbeamwhite","","","2016-02-18 17:17:32","2016-02-18 17:17:32","1","0","http://localhost:8888/canpeprey/shop/tank-top-moonbeamwhite/","0","product","","0"
"314","1","2016-02-16 11:34:36","2016-02-16 11:34:36","","Look-53","","inherit","open","closed","","look-53","","","2016-02-16 11:34:36","2016-02-16 11:34:36","","313","http://localhost:8888/canpeprey/wp-content/uploads/2016/02/Look-53.jpg","0","attachment","image/jpeg","0"
"315","1","2016-02-16 11:34:44","2016-02-16 11:34:44","","Look-54","","inherit","open","closed","","look-54","","","2016-02-16 11:34:44","2016-02-16 11:34:44","","313","http://localhost:8888/canpeprey/wp-content/uploads/2016/02/Look-54.jpg","0","attachment","image/jpeg","0"
"316","1","2016-02-16 11:37:13","2016-02-16 11:37:13","","Tube Skirt Cognac","","publish","open","closed","","tube-skirt-cognac","","","2016-02-18 17:17:12","2016-02-18 17:17:12","1","0","http://localhost:8888/canpeprey/?post_type=product&#038;p=316","0","product","","0"
"317","1","2016-02-16 11:36:33","2016-02-16 11:36:33","","Look-102","","inherit","open","closed","","look-102-2","","","2016-02-16 11:36:33","2016-02-16 11:36:33","","316","http://localhost:8888/canpeprey/wp-content/uploads/2016/02/Look-1021.jpg","0","attachment","image/jpeg","0"
"318","1","2016-02-16 11:36:41","2016-02-16 11:36:41","","Look-103","","inherit","open","closed","","look-103-2","","","2016-02-16 11:36:41","2016-02-16 11:36:41","","316","http://localhost:8888/canpeprey/wp-content/uploads/2016/02/Look-1031.jpg","0","attachment","image/jpeg","0"
"319","1","2016-02-16 11:36:49","2016-02-16 11:36:49","","Look-104","","inherit","open","closed","","look-104","","","2016-02-16 11:36:49","2016-02-16 11:36:49","","316","http://localhost:8888/canpeprey/wp-content/uploads/2016/02/Look-104.jpg","0","attachment","image/jpeg","0"
"320","1","2016-02-16 11:36:54","2016-02-16 11:36:54","","Look-105","","inherit","open","closed","","look-105","","","2016-02-16 11:36:54","2016-02-16 11:36:54","","316","http://localhost:8888/canpeprey/wp-content/uploads/2016/02/Look-105.jpg","0","attachment","image/jpeg","0"
"322","1","2016-02-16 11:37:29","2016-02-16 11:37:29","","Tube Skirt Whisper White","","publish","open","closed","","tube-skirt-whisper-white","","","2016-02-18 17:16:52","2016-02-18 17:16:52","1","0","http://localhost:8888/canpeprey/shop/tube-skirt-whisper-white/","0","product","","0"
"323","1","2016-02-16 11:38:17","2016-02-16 11:38:17","","Look-106","","inherit","open","closed","","look-106-2","","","2016-02-16 11:38:17","2016-02-16 11:38:17","","322","http://localhost:8888/canpeprey/wp-content/uploads/2016/02/Look-1061.jpg","0","attachment","image/jpeg","0"
"324","1","2016-02-16 11:38:25","2016-02-16 11:38:25","","Look-107","","inherit","open","closed","","look-107-2","","","2016-02-16 11:38:25","2016-02-16 11:38:25","","322","http://localhost:8888/canpeprey/wp-content/uploads/2016/02/Look-1071.jpg","0","attachment","image/jpeg","0"
"325","1","2016-02-16 11:38:32","2016-02-16 11:38:32","","Look-108","","inherit","open","closed","","look-108","","","2016-02-16 11:38:32","2016-02-16 11:38:32","","322","http://localhost:8888/canpeprey/wp-content/uploads/2016/02/Look-108.jpg","0","attachment","image/jpeg","0"
"326","1","2016-02-16 11:38:37","2016-02-16 11:38:37","","Look-109","","inherit","open","closed","","look-109","","","2016-02-16 11:38:37","2016-02-16 11:38:37","","322","http://localhost:8888/canpeprey/wp-content/uploads/2016/02/Look-109.jpg","0","attachment","image/jpeg","0"
"327","1","2016-02-16 11:38:41","2016-02-16 11:38:41","","Look-110","","inherit","open","closed","","look-110","","","2016-02-16 11:38:41","2016-02-16 11:38:41","","322","http://localhost:8888/canpeprey/wp-content/uploads/2016/02/Look-110.jpg","0","attachment","image/jpeg","0"
"328","1","2016-02-16 11:39:59","2016-02-16 11:39:59","","Tube Skirt Grey/White","","publish","open","closed","","tube-skirt-greywhite","","","2016-02-18 17:16:30","2016-02-18 17:16:30","1","0","http://localhost:8888/canpeprey/shop/tube-skirt-greywhite/","0","product","","0"
"329","1","2016-02-16 11:41:00","2016-02-16 11:41:00","","Look-69","","inherit","open","closed","","look-69-2","","","2016-02-16 11:41:00","2016-02-16 11:41:00","","328","http://localhost:8888/canpeprey/wp-content/uploads/2016/02/Look-691.jpg","0","attachment","image/jpeg","0"
"330","1","2016-02-16 11:41:08","2016-02-16 11:41:08","","Look-70","","inherit","open","closed","","look-70-2","","","2016-02-16 11:41:08","2016-02-16 11:41:08","","328","http://localhost:8888/canpeprey/wp-content/uploads/2016/02/Look-701.jpg","0","attachment","image/jpeg","0"
"331","1","2016-02-16 11:41:16","2016-02-16 11:41:16","","Look-73","","inherit","open","closed","","look-73","","","2016-02-16 11:41:16","2016-02-16 11:41:16","","328","http://localhost:8888/canpeprey/wp-content/uploads/2016/02/Look-73.jpg","0","attachment","image/jpeg","0"
"332","1","2016-02-16 11:41:20","2016-02-16 11:41:20","","Look-74","","inherit","open","closed","","look-74","","","2016-02-16 11:41:20","2016-02-16 11:41:20","","328","http://localhost:8888/canpeprey/wp-content/uploads/2016/02/Look-74.jpg","0","attachment","image/jpeg","0"
"333","1","2016-02-16 11:41:50","2016-02-16 11:41:50","","Tube Skirt Moonbeam/White","","publish","open","closed","","tube-skirt-moonbeamwhite","","","2016-02-18 17:15:37","2016-02-18 17:15:37","1","0","http://localhost:8888/canpeprey/shop/tube-skirt-moonbeamwhite/","0","product","","0"
"334","1","2016-02-16 11:42:23","2016-02-16 11:42:23","","Look-53","","inherit","open","closed","","look-53-2","","","2016-02-16 11:42:23","2016-02-16 11:42:23","","333","http://localhost:8888/canpeprey/wp-content/uploads/2016/02/Look-531.jpg","0","attachment","image/jpeg","0"
"335","1","2016-02-16 11:42:31","2016-02-16 11:42:31","","Look-54","","inherit","open","closed","","look-54-2","","","2016-02-16 11:42:31","2016-02-16 11:42:31","","333","http://localhost:8888/canpeprey/wp-content/uploads/2016/02/Look-541.jpg","0","attachment","image/jpeg","0"
"336","1","2016-02-16 11:42:39","2016-02-16 11:42:39","","Look-55","","inherit","open","closed","","look-55","","","2016-02-16 11:42:39","2016-02-16 11:42:39","","333","http://localhost:8888/canpeprey/wp-content/uploads/2016/02/Look-55.jpg","0","attachment","image/jpeg","0"
"337","1","2016-02-16 11:42:43","2016-02-16 11:42:43","","Look-56","","inherit","open","closed","","look-56","","","2016-02-16 11:42:43","2016-02-16 11:42:43","","333","http://localhost:8888/canpeprey/wp-content/uploads/2016/02/Look-56.jpg","0","attachment","image/jpeg","0"
"338","1","2016-02-16 11:46:35","2016-02-16 11:46:35","","Skinny Leggings Anthracite","","publish","open","closed","","skinny-leggings-anthracite","","","2016-02-18 17:15:18","2016-02-18 17:15:18","1","0","http://localhost:8888/canpeprey/?post_type=product&#038;p=338","0","product","","0"
"339","1","2016-02-16 11:45:44","2016-02-16 11:45:44","","Look-94","","inherit","open","closed","","look-94","","","2016-02-16 11:45:44","2016-02-16 11:45:44","","338","http://localhost:8888/canpeprey/wp-content/uploads/2016/02/Look-94.jpg","0","attachment","image/jpeg","0"
"340","1","2016-02-16 11:45:49","2016-02-16 11:45:49","","Look-95","","inherit","open","closed","","look-95","","","2016-02-16 11:45:49","2016-02-16 11:45:49","","338","http://localhost:8888/canpeprey/wp-content/uploads/2016/02/Look-95.jpg","0","attachment","image/jpeg","0"
"341","1","2016-02-16 11:45:53","2016-02-16 11:45:53","","Look-131","","inherit","open","closed","","look-131","","","2016-02-16 11:45:53","2016-02-16 11:45:53","","338","http://localhost:8888/canpeprey/wp-content/uploads/2016/02/Look-131.jpg","0","attachment","image/jpeg","0"
"342","1","2016-02-16 11:46:00","2016-02-16 11:46:00","","Look-132","","inherit","open","closed","","look-132","","","2016-02-16 11:46:00","2016-02-16 11:46:00","","338","http://localhost:8888/canpeprey/wp-content/uploads/2016/02/Look-132.jpg","0","attachment","image/jpeg","0"
"343","1","2016-02-16 11:46:53","2016-02-16 11:46:53","","Skinny Leggings Cognac","","publish","open","closed","","skinny-leggings-cognac","","","2016-02-18 17:14:59","2016-02-18 17:14:59","1","0","http://localhost:8888/canpeprey/shop/skinny-leggings-cognac/","0","product","","0"
"344","1","2016-02-16 11:47:36","2016-02-16 11:47:36","","Look-98","","inherit","open","closed","","look-98","","","2016-02-16 11:47:36","2016-02-16 11:47:36","","343","http://localhost:8888/canpeprey/wp-content/uploads/2016/02/Look-98.jpg","0","attachment","image/jpeg","0"
"345","1","2016-02-16 11:47:40","2016-02-16 11:47:40","","Look-99","","inherit","open","closed","","look-99","","","2016-02-16 11:47:40","2016-02-16 11:47:40","","343","http://localhost:8888/canpeprey/wp-content/uploads/2016/02/Look-99.jpg","0","attachment","image/jpeg","0"
"346","1","2016-02-16 11:47:44","2016-02-16 11:47:44","","Look-129","","inherit","open","closed","","look-129","","","2016-02-16 11:47:44","2016-02-16 11:47:44","","343","http://localhost:8888/canpeprey/wp-content/uploads/2016/02/Look-129.jpg","0","attachment","image/jpeg","0"
"347","1","2016-02-16 11:47:51","2016-02-16 11:47:51","","Look-130","","inherit","open","closed","","look-130","","","2016-02-16 11:47:51","2016-02-16 11:47:51","","343","http://localhost:8888/canpeprey/wp-content/uploads/2016/02/Look-130.jpg","0","attachment","image/jpeg","0"
"348","1","2016-02-16 11:48:41","2016-02-16 11:48:41","","Skinny Leggings Grey/White","","publish","open","closed","","skinny-leggings-greywhite","","","2016-02-18 17:14:35","2016-02-18 17:14:35","1","0","http://localhost:8888/canpeprey/shop/skinny-leggings-greywhite/","0","product","","0"
"349","1","2016-02-16 11:50:49","2016-02-16 11:50:49","","Look-63","","inherit","open","closed","","look-63","","","2016-02-16 11:50:49","2016-02-16 11:50:49","","348","http://localhost:8888/canpeprey/wp-content/uploads/2016/02/Look-63.jpg","0","attachment","image/jpeg","0"
"350","1","2016-02-16 11:50:58","2016-02-16 11:50:58","","Look-64","","inherit","open","closed","","look-64","","","2016-02-16 11:50:58","2016-02-16 11:50:58","","348","http://localhost:8888/canpeprey/wp-content/uploads/2016/02/Look-64.jpg","0","attachment","image/jpeg","0"
"351","1","2016-02-16 11:51:07","2016-02-16 11:51:07","","Look-65","","inherit","open","closed","","look-65","","","2016-02-16 11:51:07","2016-02-16 11:51:07","","348","http://localhost:8888/canpeprey/wp-content/uploads/2016/02/Look-65.jpg","0","attachment","image/jpeg","0"
"352","1","2016-02-16 11:51:12","2016-02-16 11:51:12","","Look-66","","inherit","open","closed","","look-66","","","2016-02-16 11:51:12","2016-02-16 11:51:12","","348","http://localhost:8888/canpeprey/wp-content/uploads/2016/02/Look-66.jpg","0","attachment","image/jpeg","0"
"353","1","2016-02-16 11:52:42","2016-02-16 11:52:42","","Skinny Leggings Whisper White","","publish","open","closed","","skinny-leggings-whisper-white","","","2016-02-18 17:14:17","2016-02-18 17:14:17","1","0","http://localhost:8888/canpeprey/shop/skinny-leggings-whisper-white/","0","product","","0"
"354","1","2016-02-16 11:53:08","2016-02-16 11:53:08","","Look-77","","inherit","open","closed","","look-77","","","2016-02-16 11:53:08","2016-02-16 11:53:08","","353","http://localhost:8888/canpeprey/wp-content/uploads/2016/02/Look-77.jpg","0","attachment","image/jpeg","0"
"355","1","2016-02-16 11:53:13","2016-02-16 11:53:13","","Look-78","","inherit","open","closed","","look-78","","","2016-02-16 11:53:13","2016-02-16 11:53:13","","353","http://localhost:8888/canpeprey/wp-content/uploads/2016/02/Look-78.jpg","0","attachment","image/jpeg","0"
"356","1","2016-02-16 11:53:17","2016-02-16 11:53:17","","Look-81","","inherit","open","closed","","look-81-2","","","2016-02-16 11:53:17","2016-02-16 11:53:17","","353","http://localhost:8888/canpeprey/wp-content/uploads/2016/02/Look-811.jpg","0","attachment","image/jpeg","0"
"357","1","2016-02-16 11:53:25","2016-02-16 11:53:25","","Look-82","","inherit","open","closed","","look-82-2","","","2016-02-16 11:53:25","2016-02-16 11:53:25","","353","http://localhost:8888/canpeprey/wp-content/uploads/2016/02/Look-821.jpg","0","attachment","image/jpeg","0"
"358","1","2016-02-16 11:57:53","2016-02-16 11:57:53","","Simple T-Shirt Anthracite","","publish","open","closed","","simple-t-shirt-anthracite","","","2016-02-18 17:13:58","2016-02-18 17:13:58","1","0","http://localhost:8888/canpeprey/?post_type=product&#038;p=358","0","product","","0"
"359","1","2016-02-16 11:58:02","2016-02-16 11:58:02","","Simple T-Shirt Whisper White","","publish","open","closed","","simple-t-shirt-whisper-white","","","2016-02-18 17:13:37","2016-02-18 17:13:37","1","0","http://localhost:8888/canpeprey/shop/simple-t-shirt-whisper-white/","0","product","","0"
"360","1","2016-02-16 11:58:27","2016-02-16 11:58:27","","Look-113","","inherit","open","closed","","look-113","","","2016-02-16 11:58:27","2016-02-16 11:58:27","","359","http://localhost:8888/canpeprey/wp-content/uploads/2016/02/Look-113.jpg","0","attachment","image/jpeg","0"
"361","1","2016-02-16 11:58:35","2016-02-16 11:58:35","","Look-114","","inherit","open","closed","","look-114","","","2016-02-16 11:58:35","2016-02-16 11:58:35","","359","http://localhost:8888/canpeprey/wp-content/uploads/2016/02/Look-114.jpg","0","attachment","image/jpeg","0"
"362","1","2016-02-16 11:58:58","2016-02-16 11:58:58","","Simple T-Shirt Cognac","","publish","open","closed","","simple-t-shirt-cognac","","","2016-02-18 17:13:16","2016-02-18 17:13:16","1","0","http://localhost:8888/canpeprey/shop/simple-t-shirt-cognac/","0","product","","0"
"363","1","2016-02-16 11:59:29","2016-02-16 11:59:29","","Look-129","","inherit","open","closed","","look-129-2","","","2016-02-16 11:59:29","2016-02-16 11:59:29","","362","http://localhost:8888/canpeprey/wp-content/uploads/2016/02/Look-1291.jpg","0","attachment","image/jpeg","0"
"364","1","2016-02-16 11:59:37","2016-02-16 11:59:37","","Look-130","","inherit","open","closed","","look-130-2","","","2016-02-16 11:59:37","2016-02-16 11:59:37","","362","http://localhost:8888/canpeprey/wp-content/uploads/2016/02/Look-1301.jpg","0","attachment","image/jpeg","0"
"365","1","2016-02-16 12:00:13","2016-02-16 12:00:13","","Look-127","","inherit","open","closed","","look-127","","","2016-02-16 12:00:13","2016-02-16 12:00:13","","358","http://localhost:8888/canpeprey/wp-content/uploads/2016/02/Look-127.jpg","0","attachment","image/jpeg","0"
"366","1","2016-02-16 12:00:24","2016-02-16 12:00:24","","Look-128","","inherit","open","closed","","look-128","","","2016-02-16 12:00:24","2016-02-16 12:00:24","","358","http://localhost:8888/canpeprey/wp-content/uploads/2016/02/Look-128.jpg","0","attachment","image/jpeg","0"
"367","1","2016-02-16 12:01:25","2016-02-16 12:01:25","","Simple T-Shirt Grey/White","","publish","open","closed","","simple-t-shirt-greywhite","","","2016-02-18 17:12:55","2016-02-18 17:12:55","1","0","http://localhost:8888/canpeprey/shop/simple-t-shirt-greywhite/","0","product","","0"
"368","1","2016-02-16 12:02:07","2016-02-16 12:02:07","","Look-63","","inherit","open","closed","","look-63-2","","","2016-02-16 12:02:07","2016-02-16 12:02:07","","367","http://localhost:8888/canpeprey/wp-content/uploads/2016/02/Look-631.jpg","0","attachment","image/jpeg","0"
"369","1","2016-02-16 12:02:15","2016-02-16 12:02:15","","Look-64","","inherit","open","closed","","look-64-2","","","2016-02-16 12:02:15","2016-02-16 12:02:15","","367","http://localhost:8888/canpeprey/wp-content/uploads/2016/02/Look-641.jpg","0","attachment","image/jpeg","0"
"370","1","2016-02-16 12:04:20","2016-02-16 12:04:20","","Little Dress Cognac","","publish","open","closed","","little-dress-cognac","","","2016-02-18 17:12:33","2016-02-18 17:12:33","1","0","http://localhost:8888/canpeprey/?post_type=product&#038;p=370","0","product","","0"
"371","1","2016-02-16 12:03:55","2016-02-16 12:03:55","","Look-90","","inherit","open","closed","","look-90","","","2016-02-16 12:03:55","2016-02-16 12:03:55","","370","http://localhost:8888/canpeprey/wp-content/uploads/2016/02/Look-90.jpg","0","attachment","image/jpeg","0"
"372","1","2016-02-16 12:04:04","2016-02-16 12:04:04","","Look-91","","inherit","open","closed","","look-91","","","2016-02-16 12:04:04","2016-02-16 12:04:04","","370","http://localhost:8888/canpeprey/wp-content/uploads/2016/02/Look-91.jpg","0","attachment","image/jpeg","0"
"373","1","2016-02-16 12:04:40","2016-02-16 12:04:40","","Little Dress Whisper White","","publish","open","closed","","little-dress-whisper-white","","","2016-02-18 17:12:14","2016-02-18 17:12:14","1","0","http://localhost:8888/canpeprey/shop/little-dress-whisper-white/","0","product","","0"
"374","1","2016-02-16 12:05:04","2016-02-16 12:05:04","","Look-100","","inherit","open","closed","","look-100","","","2016-02-16 12:05:04","2016-02-16 12:05:04","","373","http://localhost:8888/canpeprey/wp-content/uploads/2016/02/Look-100.jpg","0","attachment","image/jpeg","0"
"375","1","2016-02-16 12:05:11","2016-02-16 12:05:11","","Look-101","","inherit","open","closed","","look-101","","","2016-02-16 12:05:11","2016-02-16 12:05:11","","373","http://localhost:8888/canpeprey/wp-content/uploads/2016/02/Look-101.jpg","0","attachment","image/jpeg","0"
"376","1","2016-02-16 12:05:51","2016-02-16 12:05:51","","Little Dress Grey/White","","publish","open","closed","","little-dress-greywhite","","","2016-02-18 17:11:44","2016-02-18 17:11:44","1","0","http://localhost:8888/canpeprey/shop/little-dress-greywhite/","0","product","","0"
"377","1","2016-02-16 12:06:22","2016-02-16 12:06:22","","Look-59","","inherit","open","closed","","look-59","","","2016-02-16 12:06:22","2016-02-16 12:06:22","","376","http://localhost:8888/canpeprey/wp-content/uploads/2016/02/Look-59.jpg","0","attachment","image/jpeg","0"
"378","1","2016-02-16 12:06:30","2016-02-16 12:06:30","","Look-60","","inherit","open","closed","","look-60","","","2016-02-16 12:06:30","2016-02-16 12:06:30","","376","http://localhost:8888/canpeprey/wp-content/uploads/2016/02/Look-60.jpg","0","attachment","image/jpeg","0"
"379","1","2016-02-16 12:06:54","2016-02-16 12:06:54","","Little Dress Moonbeam/White","","publish","open","closed","","little-dress-moonbeamwhite","","","2016-02-18 17:11:19","2016-02-18 17:11:19","1","0","http://localhost:8888/canpeprey/shop/little-dress-moonbeamwhite/","0","product","","0"
"380","1","2016-02-16 12:07:19","2016-02-16 12:07:19","","Look-47","","inherit","open","closed","","look-47","","","2016-02-16 12:07:19","2016-02-16 12:07:19","","379","http://localhost:8888/canpeprey/wp-content/uploads/2016/02/Look-47.jpg","0","attachment","image/jpeg","0"
"381","1","2016-02-16 12:07:27","2016-02-16 12:07:27","","Look-48","","inherit","open","closed","","look-48","","","2016-02-16 12:07:27","2016-02-16 12:07:27","","379","http://localhost:8888/canpeprey/wp-content/uploads/2016/02/Look-48.jpg","0","attachment","image/jpeg","0"
"382","1","2016-02-16 13:50:55","2016-02-16 13:50:55","","Look-131","","inherit","open","closed","","look-131-2","","","2016-02-16 13:50:55","2016-02-16 13:50:55","","288","http://localhost:8888/canpeprey/wp-content/uploads/2016/02/Look-1311.jpg","0","attachment","image/jpeg","0"
"383","1","2016-02-16 13:51:02","2016-02-16 13:51:02","","Look-132","","inherit","open","closed","","look-132-2","","","2016-02-16 13:51:02","2016-02-16 13:51:02","","288","http://localhost:8888/canpeprey/wp-content/uploads/2016/02/Look-1321.jpg","0","attachment","image/jpeg","0"
"384","1","2016-02-17 15:16:13","2016-02-17 15:16:13","","Look-4","","inherit","open","closed","","look-4-2","","","2016-02-17 15:16:13","2016-02-17 15:16:13","","257","http://localhost:8888/canpeprey/wp-content/uploads/2016/02/Look-44.jpg","0","attachment","image/jpeg","0"
"385","1","2016-02-17 15:16:21","2016-02-17 15:16:21","","Look-5","","inherit","open","closed","","look-5-2","","","2016-02-17 15:16:21","2016-02-17 15:16:21","","257","http://localhost:8888/canpeprey/wp-content/uploads/2016/02/Look-51.jpg","0","attachment","image/jpeg","0"
"386","1","2016-02-17 15:16:30","2016-02-17 15:16:30","","Look-6","","inherit","open","closed","","look-6","","","2016-02-17 15:16:30","2016-02-17 15:16:30","","257","http://localhost:8888/canpeprey/wp-content/uploads/2016/02/Look-6.jpg","0","attachment","image/jpeg","0"
"388","1","2016-02-18 14:42:16","2016-02-18 14:42:16","","Jogging Shorts Grey/White","","publish","open","closed","","jogging-shorts-greywhite","","","2016-02-19 12:27:01","2016-02-19 12:27:01","1","0","http://localhost:8888/canpeprey/?post_type=product&#038;p=388","0","product","","0"
"389","1","2016-02-18 14:41:44","2016-02-18 14:41:44","","Look-123","","inherit","open","closed","","look-123-2","","","2016-02-18 14:41:44","2016-02-18 14:41:44","","388","http://localhost:8888/canpeprey/wp-content/uploads/2016/02/Look-1231.jpg","0","attachment","image/jpeg","0"
"390","1","2016-02-18 14:41:52","2016-02-18 14:41:52","","Look-124","","inherit","open","closed","","look-124-2","","","2016-02-18 14:41:52","2016-02-18 14:41:52","","388","http://localhost:8888/canpeprey/wp-content/uploads/2016/02/Look-1241.jpg","0","attachment","image/jpeg","0"
"391","1","2016-02-18 14:42:00","2016-02-18 14:42:00","","Look-125","","inherit","open","closed","","look-125","","","2016-02-18 14:42:00","2016-02-18 14:42:00","","388","http://localhost:8888/canpeprey/wp-content/uploads/2016/02/Look-125.jpg","0","attachment","image/jpeg","0"
"392","1","2016-02-18 14:42:04","2016-02-18 14:42:04","","Look-126","","inherit","open","closed","","look-126","","","2016-02-18 14:42:04","2016-02-18 14:42:04","","388","http://localhost:8888/canpeprey/wp-content/uploads/2016/02/Look-126.jpg","0","attachment","image/jpeg","0"
"393","1","2016-02-18 14:42:30","2016-02-18 14:42:30","","Jogging Shorts Moonbeam/White","","publish","open","closed","","jogging-shorts-moonbeamwhite","","","2016-02-19 12:03:58","2016-02-19 12:03:58","1","0","http://localhost:8888/canpeprey/shop/jogging-shorts-moonbeamwhite/","0","product","","0"
"394","1","2016-02-18 14:43:07","2016-02-18 14:43:07","","Look-49","","inherit","open","closed","","look-49-2","","","2016-02-18 14:43:07","2016-02-18 14:43:07","","393","http://localhost:8888/canpeprey/wp-content/uploads/2016/02/Look-491.jpg","0","attachment","image/jpeg","0"
"395","1","2016-02-18 14:43:15","2016-02-18 14:43:15","","Look-50","","inherit","open","closed","","look-50-2","","","2016-02-18 14:43:15","2016-02-18 14:43:15","","393","http://localhost:8888/canpeprey/wp-content/uploads/2016/02/Look-501.jpg","0","attachment","image/jpeg","0"
"396","1","2016-02-18 14:43:22","2016-02-18 14:43:22","","Look-51","","inherit","open","closed","","look-51","","","2016-02-18 14:43:22","2016-02-18 14:43:22","","393","http://localhost:8888/canpeprey/wp-content/uploads/2016/02/Look-511.jpg","0","attachment","image/jpeg","0"
"397","1","2016-02-18 14:43:28","2016-02-18 14:43:28","","Look-52","","inherit","open","closed","","look-52","","","2016-02-18 14:43:28","2016-02-18 14:43:28","","393","http://localhost:8888/canpeprey/wp-content/uploads/2016/02/Look-52.jpg","0","attachment","image/jpeg","0"
"398","1","2016-02-19 12:03:18","2016-02-19 12:03:18","","Product #393 Variation","","publish","closed","closed","","product-393-variation","","","2016-02-19 12:03:18","2016-02-19 12:03:18","","393","http://localhost:8888/canpeprey/product_variation/product-393-variation/","0","product_variation","","0"
"399","1","2016-02-19 12:03:18","2016-02-19 12:03:18","","Product #393 Variation","","publish","closed","closed","","product-393-variation-2","","","2016-02-19 12:03:18","2016-02-19 12:03:18","","393","http://localhost:8888/canpeprey/product_variation/product-393-variation-2/","0","product_variation","","0"
"400","1","2016-02-19 12:03:18","2016-02-19 12:03:18","","Product #393 Variation","","publish","closed","closed","","product-393-variation-3","","","2016-02-19 12:03:18","2016-02-19 12:03:18","","393","http://localhost:8888/canpeprey/product_variation/product-393-variation-3/","0","product_variation","","0"
"401","1","2016-02-19 12:03:18","2016-02-19 12:03:18","","Product #393 Variation","","publish","closed","closed","","product-393-variation-4","","","2016-02-19 12:03:18","2016-02-19 12:03:18","","393","http://localhost:8888/canpeprey/product_variation/product-393-variation-4/","0","product_variation","","0"
"403","1","2016-02-19 12:26:49","2016-02-19 12:26:49","","Product #388 Variation","","publish","closed","closed","","product-388-variation","","","2016-02-19 12:26:49","2016-02-19 12:26:49","","388","http://localhost:8888/canpeprey/product_variation/product-388-variation/","0","product_variation","","0"
"404","1","2016-02-19 12:26:49","2016-02-19 12:26:49","","Product #388 Variation","","publish","closed","closed","","product-388-variation-2","","","2016-02-19 12:26:49","2016-02-19 12:26:49","","388","http://localhost:8888/canpeprey/product_variation/product-388-variation-2/","0","product_variation","","0"
"405","1","2016-02-19 12:26:49","2016-02-19 12:26:49","","Product #388 Variation","","publish","closed","closed","","product-388-variation-3","","","2016-02-19 12:26:49","2016-02-19 12:26:49","","388","http://localhost:8888/canpeprey/product_variation/product-388-variation-3/","0","product_variation","","0"
"406","1","2016-02-19 12:26:49","2016-02-19 12:26:49","","Product #388 Variation","","publish","closed","closed","","product-388-variation-4","","","2016-02-19 12:26:49","2016-02-19 12:26:49","","388","http://localhost:8888/canpeprey/product_variation/product-388-variation-4/","0","product_variation","","0"
